0,250,0
15,250,0
25,250,0
35,250,0
45,250,0
55,250,0
65,250,0
70,250,0
75,250,0
0,252,0
15,252,0
25,252,0
35,252,0
45,252,0
55,252,0
65,252,0
70,252,0
75,252,0
0,254,0
15,254,0
25,254,0
35,254,0
45,254,0
55,254,0
65,254,0
70,254,0
75,254,0
0,256,0
15,256,0
25,256,0
35,256,0
45,256,0
55,256,0
65,256,0
70,256,0
75,256,0
0,258,0
15,258,0
25,258,0
35,258,0
45,258,0
55,258,0
65,258,0
70,258,0
75,258,0
0,260,0
15,260,0
25,260,0
35,260,0
45,260,0
55,260,0
65,260,0
70,260,0
75,260,0
0,262,0
15,262,0
25,262,0
35,262,0
45,262,0
55,262,0
65,262,0
70,262,0
75,262,0
0,264,0
15,264,0
25,264,0
35,264,0
45,264,0
55,264,0
65,264,0
70,264,0
75,264,0
0,266,0
15,266,0
25,266,0
35,266,0
45,266,0
55,266,0
65,266,0
70,266,0
75,266,0
0,268,0
15,268,0
25,268,0
35,268,0
45,268,0
55,268,0
65,268,0
70,268,0
75,268,0
0,270,0
15,270,0
25,270,0
35,270,0
45,270,0
55,270,0
65,270,0
70,270,0
75,270,0
0,272,0
15,272,0
25,272,0
35,272,0
45,272,0
55,272,0
65,272,0
70,272,0
75,272,0
0,274,0
15,274,0
25,274,0
35,274,0
45,274,0
55,274,0
65,274,0
70,274,0
75,274,0
0,276,0
15,276,0
25,276,0
35,276,0
45,276,0
55,276,0
65,276,0
70,276,0
75,276,0
0,278,0
15,278,0
25,278,0
35,278,0
45,278,0
55,278,0
65,278,0
70,278,0
75,278,0
0,280,0
15,280,0
25,280,0
35,280,0
45,280,0
55,280,0
65,280,0
70,280,0.0001
75,280,0.0001
0,282,0
15,282,0
25,282,0
35,282,0
45,282,0
55,282,0
65,282,0.0006
70,282,0.0009
75,282,0.0008
0,284,0.0001
15,284,0
25,284,0.0002
35,284,0.0001
45,284,0
55,284,0.0006
65,284,0.0026
70,284,0.002
75,284,0.0013
0,286,0.0001
15,286,0.0002
25,286,0.0009
35,286,0.0001
45,286,0.0005
55,286,0.0039
65,286,0.0043
70,286,0.0024
75,286,0.0015
0,288,0.0007
15,288,0.0025
25,288,0.0006
35,288,0.0001
45,288,0.0019
55,288,0.0097
65,288,0.0048
70,288,0.0033
75,288,0.0027
0,290,0.0054
15,290,0.0034
25,290,0.0003
35,290,0.0011
45,290,0.0074
55,290,0.0126
65,290,0.0069
70,290,0.0043
75,290,0.0024
0,292,0.0062
15,292,0.0013
25,292,0.0009
35,292,0.0039
45,292,0.0154
55,292,0.0157
65,292,0.0067
70,292,0.0026
75,292,0.0014
0,294,0.0022
15,294,0.001
25,294,0.0037
35,294,0.0116
45,294,0.0206
55,294,0.0207
65,294,0.0035
70,294,0.0014
75,294,0.0009
0,296,0.0017
15,296,0.0026
25,296,0.011
35,296,0.02
45,296,0.03
55,296,0.0169
65,296,0.0019
70,296,0.0012
75,296,0.0024
0,298,0.0036
15,298,0.0098
25,298,0.0279
35,298,0.0205
45,298,0.0457
55,298,0.007
65,298,0.0014
70,298,0.0058
75,298,0.0196
0,300,0.0137
15,300,0.0312
25,300,0.02
35,300,0.0321
45,300,0.0517
55,300,0.0043
65,300,0.0057
70,300,0.0293
75,300,0.0356
0,302,0.0441
15,302,0.0371
25,302,0.0249
35,302,0.0596
45,302,0.0268
55,302,0.0023
65,302,0.0305
70,302,0.0346
75,302,0.0447
0,304,0.0421
15,304,0.0168
25,304,0.0462
35,304,0.0814
45,304,0.0091
55,304,0.0022
65,304,0.0321
70,304,0.0395
75,304,0.026
0,306,0.0165
15,306,0.0338
25,306,0.0913
35,306,0.079
45,306,0.0083
55,306,0.0151
65,306,0.0343
70,306,0.017
75,306,0.0058
0,308,0.034
15,308,0.0672
25,308,0.0869
35,308,0.0399
45,308,0.005
55,308,0.0413
65,308,0.0188
70,308,0.0037
75,308,0.0017
0,310,0.0756
15,310,0.1224
25,310,0.087
35,310,0.0115
45,310,0.0024
55,310,0.026
65,310,0.0044
70,310,0.0015
75,310,0.0025
0,312,0.1343
15,312,0.0781
25,312,0.0434
35,312,0.0126
45,312,0.0058
55,312,0.0237
65,312,0.0014
70,312,0.0033
75,312,0.018
0,314,0.0824
15,314,0.0913
25,314,0.0123
35,314,0.0122
45,314,0.0365
55,314,0.0133
65,314,0.0021
70,314,0.031
75,314,0.1545
0,316,0.0815
15,316,0.052
25,316,0.0155
35,316,0.0046
45,316,0.0373
55,316,0.0031
65,316,0.015
70,316,0.1885
75,316,0.1725
0,318,0.0738
15,318,0.0142
25,318,0.0181
35,318,0.003
45,318,0.0154
55,318,0.0011
65,318,0.1337
70,318,0.1526
75,318,0.0419
0,320,0.021
15,320,0.0156
25,320,0.0072
35,320,0.0121
45,320,0.014
55,320,0.0015
65,320,0.1948
70,320,0.0361
75,320,0.0111
0,322,0.0138
15,322,0.0277
25,322,0.0031
35,322,0.0412
45,322,0.0079
55,322,0.0071
65,322,0.0635
70,322,0.0102
75,322,0.0199
0,324,0.0326
15,324,0.0113
25,324,0.0062
35,324,0.0245
45,324,0.002
55,324,0.0702
65,324,0.0125
70,324,0.0229
75,324,0.0978
0,326,0.0194
15,326,0.0037
25,326,0.0344
35,326,0.0091
45,326,0.0009
55,326,0.1656
65,326,0.0113
70,326,0.0909
75,326,0.0828
0,328,0.0053
15,328,0.0034
25,328,0.0288
35,328,0.0098
45,328,0.0011
55,328,0.082
65,328,0.053
70,328,0.0658
75,328,0.0414
0,330,0.0029
15,330,0.021
25,330,0.0077
35,330,0.0051
45,330,0.0055
55,330,0.014
65,330,0.0707
70,330,0.0332
75,330,0.0478
0,332,0.0084
15,332,0.0366
25,332,0.008
35,332,0.0013
45,332,0.0577
55,332,0.0054
65,332,0.0269
70,332,0.0379
75,332,0.0302
0,334,0.0404
15,334,0.0083
25,334,0.0067
35,334,0.0006
45,334,0.1362
55,334,0.0218
65,334,0.0238
70,334,0.0235
75,334,0.0136
0,336,0.0139
15,336,0.0054
25,336,0.0018
35,336,0.0009
45,336,0.0679
55,336,0.0443
65,336,0.0226
70,336,0.0102
75,336,0.0121
0,338,0.0043
15,338,0.0085
25,338,0.0007
35,338,0.0045
45,338,0.0102
55,338,0.019
65,338,0.0102
70,338,0.0086
75,338,0.0232
0,340,0.0078
15,340,0.0031
25,340,0.0007
35,340,0.0498
45,340,0.0032
55,340,0.0075
65,340,0.0053
70,340,0.016
75,340,0.049
0,342,0.0059
15,342,0.0009
25,342,0.0018
35,342,0.1262
45,342,0.0125
55,342,0.0097
65,342,0.0064
70,342,0.0333
75,342,0.07
0,344,0.0015
15,344,0.0006
25,344,0.0191
35,344,0.0563
45,344,0.026
55,344,0.0078
65,344,0.0138
70,344,0.0484
75,344,0.1246
0,346,0.0007
15,346,0.001
25,346,0.1131
35,346,0.0076
45,346,0.0101
55,346,0.0032
65,346,0.024
70,346,0.094
75,346,0.1356
0,348,0.0008
15,348,0.0051
25,348,0.0935
35,348,0.0025
45,348,0.0021
55,348,0.0019
65,348,0.0389
70,348,0.1068
75,348,0.0324
0,350,0.0021
15,350,0.0697
25,350,0.0149
35,350,0.0094
45,350,0.0026
55,350,0.0026
65,350,0.0797
70,350,0.0265
75,350,0.0059
0,352,0.0261
15,352,0.1411
25,352,0.0025
35,352,0.0193
45,352,0.0036
55,352,0.0056
65,352,0.0519
70,352,0.0045
75,352,0.002
0,354,0.1458
15,354,0.0338
25,354,0.0041
35,354,0.0053
45,354,0.0022
55,354,0.0086
65,354,0.0076
70,354,0.0016
75,354,0.0012
0,356,0.0756
15,356,0.0044
25,356,0.0179
35,356,0.0008
45,356,0.0008
55,356,0.0178
65,356,0.0015
70,356,0.0009
75,356,0.0009
0,358,0.0099
15,358,0.0021
25,358,0.009
35,358,0.0007
45,358,0.0006
55,358,0.0361
65,358,0.0007
70,358,0.0007
75,358,0.001
0,360,0.0024
15,360,0.0127
25,360,0.0008
35,360,0.0014
45,360,0.0011
55,360,0.0224
65,360,0.0005
70,360,0.0007
75,360,0.0012
0,362,0.0049
15,362,0.0169
25,362,0.0003
35,362,0.0015
45,362,0.0022
55,362,0.0022
65,362,0.0004
70,362,0.0008
75,362,0.0019
0,364,0.0245
15,364,0.0013
25,364,0.0004
35,364,0.0005
45,364,0.0027
55,364,0.0003
65,364,0.0003
70,364,0.001
75,364,0.0032
0,366,0.004
15,366,0.0001
25,366,0.001
35,366,0.0001
45,366,0.0085
55,366,0.0001
65,366,0.0003
70,366,0.0015
75,366,0.0056
0,368,0.0002
15,368,0
25,368,0.0007
35,368,0.0001
45,368,0.016
55,368,0
65,368,0.0004
70,368,0.0026
75,368,0.01
0,370,0
15,370,0.0002
25,370,0
35,370,0.0004
45,370,0.0081
55,370,0
65,370,0.0005
70,370,0.005
75,370,0.0207
0,372,0
15,372,0.0008
25,372,0
35,372,0.0007
45,372,0
55,372,0
65,372,0.0008
70,372,0.0115
75,372,0.0349
0,374,0.0002
15,374,0.0001
25,374,0
35,374,0.0006
45,374,0
55,374,0
65,374,0.0017
70,374,0.024
75,374,0.0284
0,376,0.0004
15,376,0
25,376,0
35,376,0.0042
45,376,0
55,376,0
65,376,0.0051
70,376,0.0274
75,376,0.0139
0,378,0.0003
15,378,0.0001
25,378,0.0007
35,378,0.009
45,378,0
55,378,0.0001
65,378,0.0147
70,378,0.0175
75,378,0.0092
0,380,0.0002
15,380,0.0003
25,380,0.0007
35,380,0.0022
45,380,0.0001
55,380,0.0002
65,380,0.021
70,380,0.0099
75,380,0.0093
0,382,0.0002
15,382,0.0005
25,382,0.0043
35,382,0.0002
45,382,0.0001
55,382,0.0003
65,382,0.0166
70,382,0.0087
75,382,0.015
0,384,0.0003
15,384,0.0006
25,384,0.0066
35,384,0.0001
45,384,0.0001
55,384,0.0004
65,384,0.0097
70,384,0.0113
75,384,0.0318
0,386,0.0006
15,386,0.0005
25,386,0.0007
35,386,0.0001
45,386,0.0001
55,386,0.0009
65,386,0.0079
70,386,0.0202
75,386,0.0407
0,388,0.0005
15,388,0.0041
25,388,0.0001
35,388,0.0001
45,388,0.0001
55,388,0.0031
65,388,0.0093
70,388,0.0306
75,388,0.026
0,390,0.0006
15,390,0.0047
25,390,0.0001
35,390,0.0001
45,390,0.0001
55,390,0.0077
65,390,0.0142
70,390,0.0277
75,390,0.0136
0,392,0.006
15,392,0.0002
25,392,0.0001
35,392,0.0001
45,392,0.0001
55,392,0.0101
65,392,0.0205
70,392,0.0174
75,392,0.0097
0,394,0.002
15,394,0.0001
25,394,0.0001
35,394,0.0001
45,394,0.0001
55,394,0.0093
65,394,0.0215
70,394,0.0111
75,394,0.0095
0,396,0.0001
15,396,0.0001
25,396,0.0001
35,396,0.0001
45,396,0.0001
55,396,0.0064
65,396,0.0168
70,396,0.0092
75,396,0.0125
0,398,0.0001
15,398,0.0001
25,398,0.0001
35,398,0.0001
45,398,0.0001
55,398,0.006
65,398,0.0117
70,398,0.0099
75,398,0.0206
0,400,0.0001
15,400,0.0001
25,400,0.0001
35,400,0.0001
45,400,0.0002
55,400,0.0074
65,400,0.009
70,400,0.013
75,400,0.0367
0,402,0.0001
15,402,0.0001
25,402,0.0001
35,402,0.0001
45,402,0.0006
55,402,0.0097
65,402,0.0082
70,402,0.0198
75,402,0.0544
0,404,0.0001
15,404,0.0001
25,404,0.0001
35,404,0.0001
45,404,0.0022
55,404,0.0112
65,404,0.0089
70,404,0.0312
75,404,0.0617
0,406,0.0001
15,406,0.0001
25,406,0.0001
35,406,0.0001
45,406,0.0042
55,406,0.0112
65,406,0.0112
70,406,0.0435
75,406,0.0607
0,408,0.0001
15,408,0.0001
25,408,0.0001
35,408,0.0001
45,408,0.0049
55,408,0.0099
65,408,0.0159
70,408,0.0517
75,408,0.0624
0,410,0.0001
15,410,0.0001
25,410,0.0001
35,410,0.0001
45,410,0.0046
55,410,0.0083
65,410,0.0237
70,410,0.0556
75,410,0.0754
0,412,0.0001
15,412,0.0001
25,412,0.0001
35,412,0.0001
45,412,0.004
55,412,0.0067
65,412,0.0335
70,412,0.0595
75,412,0.1084
0,414,0.0001
15,414,0.0001
25,414,0.0001
35,414,0.0001
45,414,0.0047
55,414,0.0054
65,414,0.0423
70,414,0.07
75,414,0.1689
0,416,0.0001
15,416,0.0001
25,416,0.0001
35,416,0.0002
45,416,0.0057
55,416,0.0048
65,416,0.0466
70,416,0.0957
75,416,0.2305
0,418,0.0001
15,418,0.0001
25,418,0.0001
35,418,0.0005
45,418,0.0061
55,418,0.0049
65,418,0.0474
70,418,0.141
75,418,0.2314
0,420,0.0001
15,420,0.0001
25,420,0.0001
35,420,0.0015
45,420,0.0061
55,420,0.0059
65,420,0.0506
70,420,0.1824
75,420,0.1671
0,422,0.0001
15,422,0.0001
25,422,0.0001
35,422,0.0024
45,422,0.0061
55,422,0.0088
65,422,0.0637
70,422,0.1787
75,422,0.0992
0,424,0.0001
15,424,0.0001
25,424,0.0001
35,424,0.0028
45,424,0.0059
55,424,0.0146
65,424,0.0914
70,424,0.129
75,424,0.0605
0,426,0.0001
15,426,0.0001
25,426,0.0002
35,426,0.0029
45,426,0.0051
55,426,0.0217
65,426,0.1191
70,426,0.0749
75,426,0.0422
0,428,0.0001
15,428,0.0001
25,428,0.0006
35,428,0.0034
45,428,0.0039
55,428,0.0255
65,428,0.12
70,428,0.0454
75,428,0.0339
0,430,0.0001
15,430,0.0001
25,430,0.0013
35,430,0.004
45,430,0.0028
55,430,0.0237
65,430,0.0935
70,430,0.0324
75,430,0.031
0,432,0.0001
15,432,0.0001
25,432,0.0019
35,432,0.004
45,432,0.0022
55,432,0.0187
65,432,0.0573
70,432,0.0269
75,432,0.0321
0,434,0.0001
15,434,0.0001
25,434,0.0022
35,434,0.0038
45,434,0.0021
55,434,0.0159
65,434,0.0339
70,434,0.0256
75,434,0.0376
0,436,0.0001
15,436,0.0002
25,436,0.0027
35,436,0.0039
45,436,0.0026
55,436,0.0179
65,436,0.0237
70,436,0.0277
75,436,0.0501
0,438,0.0001
15,438,0.0006
25,438,0.0033
35,438,0.0043
45,438,0.0042
55,438,0.0261
65,438,0.0199
70,438,0.0339
75,438,0.0754
0,440,0.0001
15,440,0.0013
25,440,0.0035
35,440,0.0043
45,440,0.0079
55,440,0.0401
65,440,0.0193
70,440,0.0467
75,440,0.1246
0,442,0.0003
15,442,0.0016
25,442,0.0031
35,442,0.0033
45,442,0.012
55,442,0.0497
65,442,0.0214
70,442,0.0729
75,442,0.2104
0,444,0.0009
15,444,0.002
25,444,0.003
35,444,0.0022
45,444,0.013
55,444,0.0489
65,444,0.027
70,444,0.1259
75,444,0.3233
0,446,0.0016
15,446,0.003
25,446,0.0036
35,446,0.0015
45,446,0.0104
55,446,0.0397
65,446,0.0391
70,446,0.2232
75,446,0.4182
0,448,0.0017
15,448,0.0036
25,448,0.0043
35,448,0.0012
45,448,0.0063
55,448,0.0259
65,448,0.0642
70,448,0.3544
75,448,0.4555
0,450,0.0024
15,450,0.003
25,450,0.0039
35,450,0.0012
45,450,0.0044
55,450,0.0166
65,450,0.1159
70,450,0.4701
75,450,0.4583
0,452,0.0035
15,452,0.0025
25,452,0.0025
35,452,0.0017
45,452,0.0041
55,452,0.0128
65,452,0.2141
70,452,0.5292
75,452,0.473
0,454,0.0034
15,454,0.0029
25,454,0.0015
35,454,0.003
45,454,0.005
55,454,0.0119
65,454,0.3603
70,454,0.5413
75,454,0.5178
0,456,0.0025
15,456,0.004
25,456,0.0011
35,456,0.0063
45,456,0.0078
55,456,0.0129
65,456,0.5085
70,456,0.5558
75,456,0.584
0,458,0.0023
15,458,0.0044
25,458,0.001
35,458,0.0091
45,458,0.0143
55,458,0.0158
65,458,0.6049
70,458,0.599
75,458,0.6462
0,460,0.003
15,460,0.0027
25,460,0.001
35,460,0.0086
45,460,0.0226
55,460,0.0218
65,460,0.6373
70,460,0.6626
75,460,0.6817
0,462,0.0043
15,462,0.0013
25,462,0.0013
35,462,0.0051
45,462,0.0268
55,462,0.034
65,462,0.6446
70,462,0.7226
75,462,0.6864
0,464,0.0036
15,464,0.0006
25,464,0.0026
35,464,0.0022
45,464,0.0258
55,464,0.0606
65,464,0.6709
70,464,0.7566
75,464,0.6738
0,466,0.0015
15,466,0.0004
25,466,0.0057
35,466,0.0013
45,466,0.02
55,466,0.119
65,466,0.7203
70,466,0.7584
75,466,0.6618
0,468,0.0006
15,468,0.0003
25,468,0.0073
35,468,0.001
45,468,0.0124
55,468,0.2296
65,468,0.77
70,468,0.7414
75,468,0.6593
0,470,0.0003
15,470,0.0003
25,470,0.0053
35,470,0.001
45,470,0.0082
55,470,0.3852
65,470,0.7988
70,470,0.7233
75,470,0.6647
0,472,0.0002
15,472,0.0007
25,472,0.002
35,472,0.0012
45,472,0.0068
55,472,0.5382
65,472,0.7991
70,472,0.7143
75,472,0.6757
0,474,0.0002
15,474,0.0022
25,474,0.0008
35,474,0.0021
45,474,0.0067
55,474,0.6468
65,474,0.7793
70,474,0.7169
75,474,0.6992
0,476,0.0003
15,476,0.0056
25,476,0.0004
35,476,0.0044
45,476,0.0078
55,476,0.6906
65,476,0.7558
70,476,0.7368
75,476,0.7338
0,478,0.0008
15,478,0.0062
25,478,0.0003
35,478,0.0089
45,478,0.0103
55,478,0.6872
65,478,0.7421
70,478,0.7798
75,478,0.742
0,480,0.0028
15,480,0.0024
25,480,0.0003
35,480,0.0135
45,480,0.015
55,480,0.6828
65,480,0.7502
70,480,0.8126
75,480,0.7358
0,482,0.0066
15,482,0.0008
25,482,0.0005
35,482,0.0148
45,482,0.0244
55,482,0.6931
65,482,0.7961
70,482,0.8099
75,482,0.7389
0,484,0.0048
15,484,0.0005
25,484,0.001
35,484,0.0128
45,484,0.046
55,484,0.7154
65,484,0.8545
70,484,0.8057
75,484,0.7382
0,486,0.0014
15,486,0.0005
25,486,0.0018
35,486,0.0085
45,486,0.0981
55,486,0.7391
65,486,0.8736
70,486,0.8072
75,486,0.7348
0,488,0.0008
15,488,0.0005
25,488,0.0039
35,488,0.0058
45,488,0.2041
55,488,0.7568
65,488,0.871
70,488,0.8051
75,488,0.7402
0,490,0.0006
15,490,0.0006
25,490,0.0082
35,490,0.0054
45,490,0.3609
55,490,0.7808
65,490,0.8738
70,490,0.8073
75,490,0.7531
0,492,0.0006
15,492,0.0007
25,492,0.0126
35,492,0.0058
45,492,0.5262
55,492,0.829
65,492,0.8739
70,492,0.8194
75,492,0.7647
0,494,0.0007
15,494,0.001
25,494,0.0135
35,494,0.0062
45,494,0.6627
55,494,0.8863
65,494,0.8739
70,494,0.836
75,494,0.7671
0,496,0.0008
15,496,0.0014
25,496,0.0106
35,496,0.0072
45,496,0.7429
55,496,0.9219
65,496,0.8817
70,496,0.8473
75,496,0.7598
0,498,0.0009
15,498,0.0023
25,498,0.0073
35,498,0.0099
45,498,0.7713
55,498,0.9356
65,498,0.8963
70,498,0.8478
75,498,0.7491
0,500,0.001
15,500,0.0047
25,500,0.0057
35,500,0.0155
45,500,0.7979
55,500,0.9463
65,500,0.9104
70,500,0.8402
75,500,0.7414
0,502,0.0011
15,502,0.0099
25,502,0.0048
35,502,0.0276
45,502,0.8424
55,502,0.9547
65,502,0.9182
70,502,0.8302
75,502,0.7388
0,504,0.0016
15,504,0.0145
25,504,0.0046
35,504,0.0569
45,504,0.8925
55,504,0.9562
65,504,0.9179
70,504,0.8224
75,504,0.7402
0,506,0.003
15,506,0.0125
25,506,0.0052
35,506,0.1293
45,506,0.9327
55,506,0.9534
65,506,0.9114
70,506,0.8189
75,506,0.7437
0,508,0.0073
15,508,0.0074
25,508,0.0065
35,508,0.2782
45,508,0.9514
55,508,0.9514
65,508,0.9025
70,508,0.8192
75,508,0.7473
0,510,0.0139
15,510,0.0046
25,510,0.0093
35,510,0.4912
45,510,0.9516
55,510,0.9528
65,510,0.8946
70,510,0.8216
75,510,0.7502
0,512,0.0134
15,512,0.0036
25,512,0.0151
35,512,0.6906
45,512,0.9459
55,512,0.9577
65,512,0.8899
70,512,0.8244
75,512,0.7526
0,514,0.0073
15,514,0.0033
25,514,0.0278
35,514,0.8111
45,514,0.9463
55,514,0.9638
65,514,0.8884
70,514,0.8268
75,514,0.7551
0,516,0.0044
15,516,0.0036
25,516,0.0584
35,516,0.8409
45,516,0.9541
55,516,0.9683
65,516,0.8895
70,516,0.8283
75,516,0.759
0,518,0.0033
15,518,0.0044
25,518,0.134
35,518,0.8406
45,518,0.9624
55,518,0.9692
65,518,0.8913
70,518,0.8296
75,518,0.7647
0,520,0.0031
15,520,0.006
25,520,0.2922
35,520,0.8691
45,520,0.9664
55,520,0.9666
65,520,0.8925
70,520,0.8322
75,520,0.7722
0,522,0.0033
15,522,0.0089
25,522,0.5208
35,522,0.9129
45,522,0.9653
55,522,0.9618
65,522,0.8934
70,522,0.8367
75,522,0.7804
0,524,0.004
15,524,0.0148
25,524,0.7246
35,524,0.9411
45,524,0.9615
55,524,0.9568
65,524,0.894
70,524,0.8429
75,524,0.7875
0,526,0.0052
15,526,0.0276
25,526,0.8281
35,526,0.9473
45,526,0.9583
55,526,0.9528
65,526,0.8952
70,526,0.8503
75,526,0.7912
0,528,0.0076
15,528,0.0579
25,528,0.8523
35,528,0.9439
45,528,0.9577
55,528,0.9505
65,528,0.898
70,528,0.8568
75,528,0.7909
0,530,0.0122
15,530,0.1348
25,530,0.8654
35,530,0.9403
45,530,0.9593
55,530,0.9496
65,530,0.9025
70,530,0.861
75,530,0.7865
0,532,0.0215
15,532,0.309
25,532,0.8877
35,532,0.9401
45,532,0.9622
55,532,0.9494
65,532,0.9078
70,532,0.8616
75,532,0.779
0,534,0.0431
15,534,0.5836
25,534,0.9127
35,534,0.9435
45,534,0.9647
55,534,0.9497
65,534,0.913
70,534,0.8586
75,534,0.7702
0,536,0.0978
15,536,0.8202
25,536,0.9329
35,536,0.9486
45,536,0.9663
55,536,0.9502
65,536,0.917
70,536,0.8529
75,536,0.7615
0,538,0.2373
15,538,0.8908
25,538,0.9406
35,538,0.9531
45,538,0.9667
55,538,0.9513
65,538,0.9186
70,538,0.8457
75,538,0.7542
0,540,0.513
15,540,0.8654
25,540,0.9375
35,540,0.9553
45,540,0.9659
55,540,0.9528
65,540,0.9178
70,540,0.8379
75,540,0.7487
0,542,0.8103
15,542,0.8559
25,542,0.9312
35,542,0.9547
45,542,0.9645
55,542,0.9546
65,542,0.9148
70,542,0.8308
75,542,0.7452
0,544,0.9073
15,544,0.8828
25,544,0.9285
35,544,0.9522
45,544,0.9629
55,544,0.9568
65,544,0.9101
70,544,0.8249
75,544,0.7436
0,546,0.8645
15,546,0.919
25,546,0.932
35,546,0.9491
45,546,0.9611
55,546,0.959
65,546,0.9046
70,546,0.8209
75,546,0.7438
0,548,0.8458
15,548,0.9391
25,548,0.9395
35,548,0.9475
45,548,0.96
55,548,0.961
65,548,0.8988
70,548,0.8186
75,548,0.7451
0,550,0.8723
15,550,0.9378
25,550,0.9462
35,550,0.9482
45,550,0.9595
55,550,0.9623
65,550,0.8932
70,550,0.8182
75,550,0.7472
0,552,0.9129
15,552,0.9257
25,552,0.9487
35,552,0.9514
45,552,0.9599
55,552,0.9632
65,552,0.8886
70,552,0.8193
75,552,0.75
0,554,0.9384
15,554,0.9164
25,554,0.9459
35,554,0.9558
45,554,0.9611
55,554,0.9636
65,554,0.8855
70,554,0.8216
75,554,0.7528
0,556,0.9387
15,556,0.9167
25,556,0.9402
35,556,0.96
45,556,0.963
55,556,0.9635
65,556,0.8841
70,556,0.8246
75,556,0.7558
0,558,0.925
15,558,0.9254
25,558,0.9352
35,558,0.9625
45,558,0.9653
55,558,0.9633
65,558,0.8843
70,558,0.8278
75,558,0.7586
0,560,0.9131
15,560,0.9365
25,560,0.9333
35,560,0.9627
45,560,0.9673
55,560,0.9622
65,560,0.886
70,560,0.8308
75,560,0.7611
0,562,0.9115
15,562,0.9432
25,562,0.9358
35,562,0.961
45,562,0.9686
55,562,0.9604
65,562,0.8889
70,562,0.8334
75,562,0.7635
0,564,0.92
15,564,0.9423
25,564,0.9416
35,564,0.9581
45,564,0.9693
55,564,0.9578
65,564,0.8923
70,564,0.8356
75,564,0.7656
0,566,0.9324
15,566,0.9354
25,566,0.9488
35,566,0.9556
45,566,0.9694
55,566,0.9547
65,566,0.8957
70,566,0.8372
75,566,0.7672
0,568,0.9411
15,568,0.927
25,568,0.9545
35,568,0.9548
45,568,0.9693
55,568,0.9515
65,568,0.8984
70,568,0.8382
75,568,0.7688
0,570,0.9418
15,570,0.9213
25,570,0.957
35,570,0.9556
45,570,0.9691
55,570,0.9489
65,570,0.9003
70,570,0.839
75,570,0.7704
0,572,0.9352
15,572,0.9212
25,572,0.9562
35,572,0.9579
45,572,0.9689
55,572,0.9472
65,572,0.9011
70,572,0.8401
75,572,0.7717
0,574,0.9254
15,574,0.9268
25,574,0.9528
35,574,0.9611
45,574,0.9692
55,574,0.9467
65,574,0.9013
70,574,0.8411
75,574,0.7722
0,576,0.9178
15,576,0.9358
25,576,0.949
35,576,0.964
45,576,0.9696
55,576,0.9475
65,576,0.9011
70,576,0.8425
75,576,0.772
0,578,0.9162
15,578,0.9451
25,578,0.9464
35,578,0.9658
45,578,0.9697
55,578,0.9494
65,578,0.901
70,578,0.8437
75,578,0.7706
0,580,0.9208
15,580,0.9513
25,580,0.9462
35,580,0.9661
45,580,0.9695
55,580,0.9521
65,580,0.9013
70,580,0.8443
75,580,0.7682
0,582,0.9301
15,582,0.9532
25,582,0.9483
35,582,0.9652
45,582,0.9688
55,582,0.9549
65,582,0.902
70,582,0.844
75,582,0.7648
0,584,0.9406
15,584,0.9507
25,584,0.952
35,584,0.9635
45,584,0.9675
55,584,0.9572
65,584,0.9031
70,584,0.8427
75,584,0.761
0,586,0.9489
15,586,0.946
25,586,0.9559
35,586,0.9618
45,586,0.9658
55,586,0.9589
65,586,0.9044
70,586,0.8402
75,586,0.7574
0,588,0.9525
15,588,0.9415
25,588,0.9586
35,588,0.9611
45,588,0.9637
55,588,0.9595
65,588,0.9053
70,588,0.837
75,588,0.7545
0,590,0.9512
15,590,0.939
25,590,0.9595
35,590,0.9614
45,590,0.9622
55,590,0.9592
65,590,0.9054
70,590,0.8334
75,590,0.7526
0,592,0.9466
15,592,0.9394
25,592,0.9582
35,592,0.9626
45,592,0.9614
55,592,0.9582
65,592,0.9046
70,592,0.8301
75,592,0.7521
0,594,0.9413
15,594,0.9424
25,594,0.9555
35,594,0.9645
45,594,0.9613
55,594,0.957
65,594,0.903
70,594,0.8275
75,594,0.7529
0,596,0.9374
15,596,0.947
25,596,0.9524
35,596,0.9665
45,596,0.9621
55,596,0.956
65,596,0.9003
70,596,0.8261
75,596,0.7548
0,598,0.9367
15,598,0.9512
25,598,0.95
35,598,0.9677
45,598,0.9636
55,598,0.9555
65,598,0.8973
70,598,0.826
75,598,0.7574
0,600,0.939
15,600,0.9535
25,600,0.9491
35,600,0.9679
45,600,0.9652
55,600,0.9556
65,600,0.8944
70,600,0.8273
75,600,0.7601
0,602,0.9433
15,602,0.9534
25,602,0.95
35,602,0.9669
45,602,0.9669
55,602,0.9562
65,602,0.8921
70,602,0.8296
75,602,0.7626
0,604,0.948
15,604,0.9508
25,604,0.9525
35,604,0.9648
45,604,0.9683
55,604,0.9571
65,604,0.8907
70,604,0.8323
75,604,0.7643
0,606,0.9512
15,606,0.9464
25,606,0.9558
35,606,0.9622
45,606,0.9689
55,606,0.9581
65,606,0.8906
70,606,0.8351
75,606,0.7647
0,608,0.9518
15,608,0.9418
25,608,0.9591
35,608,0.9598
45,608,0.9691
55,608,0.9586
65,608,0.8918
70,608,0.8375
75,608,0.764
0,610,0.9497
15,610,0.9386
25,610,0.9614
35,610,0.9581
45,610,0.9688
55,610,0.9586
65,610,0.8939
70,610,0.8389
75,610,0.7622
0,612,0.9452
15,612,0.9376
25,612,0.9622
35,612,0.9574
45,612,0.9679
55,612,0.958
65,612,0.8964
70,612,0.8392
75,612,0.7596
0,614,0.94
15,614,0.9392
25,614,0.9612
35,614,0.9576
45,614,0.9669
55,614,0.9569
65,614,0.899
70,614,0.8382
75,614,0.7569
0,616,0.9355
15,616,0.9429
25,616,0.9588
35,616,0.9591
45,616,0.966
55,616,0.9554
65,616,0.9013
70,616,0.8361
75,616,0.7544
0,618,0.9331
15,618,0.9478
25,618,0.9555
35,618,0.9611
45,618,0.9655
55,618,0.9538
65,618,0.9027
70,618,0.8336
75,618,0.7524
0,620,0.9333
15,620,0.9527
25,620,0.9524
35,620,0.963
45,620,0.9654
55,620,0.9523
65,620,0.903
70,620,0.831
75,620,0.7514
0,622,0.9365
15,622,0.9564
25,622,0.9498
35,622,0.9648
45,622,0.9657
55,622,0.9513
65,622,0.9023
70,622,0.8285
75,622,0.7517
0,624,0.9417
15,624,0.9583
25,624,0.9484
35,624,0.9658
45,624,0.966
55,624,0.9509
65,624,0.9007
70,624,0.8268
75,624,0.7527
0,626,0.9475
15,626,0.9578
25,626,0.9485
35,626,0.9659
45,626,0.9666
55,626,0.9511
65,626,0.8986
70,626,0.8261
75,626,0.7544
0,628,0.953
15,628,0.9552
25,628,0.9498
35,628,0.9652
45,628,0.9673
55,628,0.952
65,628,0.8963
70,628,0.8263
75,628,0.7565
0,630,0.9565
15,630,0.9511
25,630,0.952
35,630,0.9638
45,630,0.9676
55,630,0.9535
65,630,0.894
70,630,0.8275
75,630,0.7587
0,632,0.9577
15,632,0.9469
25,632,0.9547
35,632,0.9622
45,632,0.9674
55,632,0.9551
65,632,0.8924
70,632,0.8294
75,632,0.7604
0,634,0.9564
15,634,0.9433
25,634,0.9569
35,634,0.9606
45,634,0.967
55,634,0.9568
65,634,0.8915
70,634,0.8314
75,634,0.7615
0,636,0.9529
15,636,0.941
25,636,0.9582
35,636,0.9596
45,636,0.9662
55,636,0.9581
65,636,0.8915
70,636,0.8336
75,636,0.7619
0,638,0.9483
15,638,0.9405
25,638,0.9584
35,638,0.9591
45,638,0.9653
55,638,0.959
65,638,0.8924
70,638,0.8354
75,638,0.7614
0,640,0.9438
15,640,0.9415
25,640,0.9576
35,640,0.9594
45,640,0.9644
55,640,0.9592
65,640,0.8939
70,640,0.8365
75,640,0.76
0,642,0.94
15,642,0.9437
25,642,0.9559
35,642,0.9603
45,642,0.9637
55,642,0.9586
65,642,0.8958
70,642,0.8368
75,642,0.7581
0,644,0.9377
15,644,0.9466
25,644,0.9537
35,644,0.9617
45,644,0.9634
55,644,0.9577
65,644,0.8979
70,644,0.8362
75,644,0.7562
0,646,0.9375
15,646,0.9495
25,646,0.9514
35,646,0.9631
45,646,0.9634
55,646,0.9564
65,646,0.8997
70,646,0.835
75,646,0.7543
0,648,0.9391
15,648,0.9516
25,648,0.9495
35,648,0.9642
45,648,0.9639
55,648,0.955
65,648,0.901
70,648,0.8331
75,648,0.7531
0,650,0.9417
15,650,0.9524
25,650,0.9486
35,650,0.965
45,650,0.9647
55,650,0.9538
65,650,0.9016
70,650,0.8313
75,650,0.7526
0,652,0.9448
15,652,0.9518
25,652,0.9487
35,652,0.9652
45,652,0.9654
55,652,0.9529
65,652,0.9015
70,652,0.8296
75,652,0.7528
0,654,0.9476
15,654,0.9498
25,654,0.9497
35,654,0.9649
45,654,0.9664
55,654,0.9524
65,654,0.9008
70,654,0.8283
75,654,0.7539
0,656,0.9495
15,656,0.9471
25,656,0.9515
35,656,0.9641
45,656,0.9674
55,656,0.9524
65,656,0.8995
70,656,0.8279
75,656,0.7558
0,658,0.9501
15,658,0.9442
25,658,0.9536
35,658,0.9628
45,658,0.968
55,658,0.953
65,658,0.8979
70,658,0.8283
75,658,0.7582
0,660,0.9492
15,660,0.9415
25,660,0.9557
35,660,0.9615
45,660,0.9685
55,660,0.9541
65,660,0.8963
70,660,0.8294
75,660,0.761
0,662,0.9469
15,662,0.9397
25,662,0.9573
35,662,0.9604
45,662,0.9685
55,662,0.9555
65,662,0.8952
70,662,0.8312
75,662,0.7638
0,664,0.9438
15,664,0.9391
25,664,0.9583
35,664,0.9595
45,664,0.968
55,664,0.9567
65,664,0.8944
70,664,0.8334
75,664,0.7662
0,666,0.9405
15,666,0.9399
25,666,0.9584
35,666,0.9591
45,666,0.9673
55,666,0.9578
65,666,0.8941
70,666,0.8359
75,666,0.768
0,668,0.9378
15,668,0.9416
25,668,0.9579
35,668,0.9594
45,668,0.9665
55,668,0.959
65,668,0.8946
70,668,0.8385
75,668,0.769
0,670,0.9359
15,670,0.944
25,670,0.9567
35,670,0.9603
45,670,0.9659
55,670,0.9596
65,670,0.8959
70,670,0.8409
75,670,0.7692
0,672,0.9353
15,672,0.9468
25,672,0.9551
35,672,0.9618
45,672,0.9651
55,672,0.9598
65,672,0.8975
70,672,0.8427
75,672,0.7685
0,674,0.936
15,674,0.9497
25,674,0.9534
35,674,0.9631
45,674,0.9647
55,674,0.9597
65,674,0.8995
70,674,0.8436
75,674,0.7673
0,676,0.938
15,676,0.952
25,676,0.9521
35,676,0.9643
45,676,0.9649
55,676,0.9592
65,676,0.9017
70,676,0.8438
75,676,0.7654
0,678,0.941
15,678,0.9534
25,678,0.9512
35,678,0.9654
45,678,0.9652
55,678,0.9585
65,678,0.904
70,678,0.8431
75,678,0.7633
0,680,0.9443
15,680,0.9537
25,680,0.951
35,680,0.966
45,680,0.9657
55,680,0.9578
65,680,0.9057
70,680,0.8419
75,680,0.7614
0,682,0.9475
15,682,0.9529
25,682,0.9514
35,682,0.9661
45,682,0.9664
55,682,0.9571
65,682,0.9067
70,682,0.8402
75,682,0.7596
0,684,0.9501
15,684,0.9514
25,684,0.9523
35,684,0.9658
45,684,0.9671
55,684,0.9565
65,684,0.9074
70,684,0.8382
75,684,0.7582
0,686,0.9516
15,686,0.9496
25,686,0.9537
35,686,0.9651
45,686,0.9681
55,686,0.9563
65,686,0.9074
70,686,0.8363
75,686,0.7573
0,688,0.9522
15,688,0.9477
25,688,0.9553
35,688,0.964
45,688,0.9689
55,688,0.9563
65,688,0.9065
70,688,0.8346
75,688,0.7572
0,690,0.9516
15,690,0.9458
25,690,0.9569
35,690,0.9628
45,690,0.9696
55,690,0.9566
65,690,0.9055
70,690,0.8334
75,690,0.7579
0,692,0.9499
15,692,0.9444
25,692,0.958
35,692,0.9616
45,692,0.9701
55,692,0.9574
65,692,0.9041
70,692,0.8326
75,692,0.7592
0,694,0.9481
15,694,0.9439
25,694,0.9591
35,694,0.9607
45,694,0.9704
55,694,0.9584
65,694,0.9023
70,694,0.8325
75,694,0.7608
0,696,0.9459
15,696,0.9444
25,696,0.9594
35,696,0.9601
45,696,0.9706
55,696,0.9594
65,696,0.9008
70,696,0.8329
75,696,0.7625
0,698,0.944
15,698,0.9454
25,698,0.9588
35,698,0.9601
45,698,0.9704
55,698,0.9603
65,698,0.8995
70,698,0.8338
75,698,0.7645
0,700,0.9426
15,700,0.9471
25,700,0.9583
35,700,0.9603
45,700,0.9701
55,700,0.9613
65,700,0.8985
70,700,0.8352
75,700,0.7664
0,702,0.942
15,702,0.9491
25,702,0.957
35,702,0.9609
45,702,0.9698
55,702,0.962
65,702,0.898
70,702,0.837
75,702,0.7679
0,704,0.942
15,704,0.951
25,704,0.9554
35,704,0.9621
45,704,0.9694
55,704,0.9625
65,704,0.898
70,704,0.8388
75,704,0.7691
0,706,0.943
15,706,0.9528
25,706,0.9539
35,706,0.9633
45,706,0.9692
55,706,0.9629
65,706,0.8985
70,706,0.8407
75,706,0.77
0,708,0.9446
15,708,0.9539
25,708,0.9525
35,708,0.9647
45,708,0.9691
55,708,0.9627
65,708,0.8992
70,708,0.8423
75,708,0.7702
0,710,0.9466
15,710,0.9543
25,710,0.9516
35,710,0.9659
45,710,0.9691
55,710,0.9624
65,710,0.9004
70,710,0.8434
75,710,0.7699
0,712,0.9486
15,712,0.9538
25,712,0.9513
35,712,0.9669
45,712,0.9692
55,712,0.962
65,712,0.9018
70,712,0.8444
75,712,0.7692
0,714,0.9505
15,714,0.9529
25,714,0.9515
35,714,0.9677
45,714,0.9697
55,714,0.9612
65,714,0.9033
70,714,0.8447
75,714,0.7682
0,716,0.952
15,716,0.9516
25,716,0.9523
35,716,0.9681
45,716,0.9701
55,716,0.9603
65,716,0.9047
70,716,0.8445
75,716,0.7669
0,718,0.9529
15,718,0.95
25,718,0.9532
35,718,0.9681
45,718,0.9706
55,718,0.9597
65,718,0.9061
70,718,0.8439
75,718,0.7656
0,720,0.9528
15,720,0.948
25,720,0.9547
35,720,0.9681
45,720,0.9711
55,720,0.9592
65,720,0.9073
70,720,0.8431
75,720,0.7645
0,722,0.952
15,722,0.9461
25,722,0.9564
35,722,0.9676
45,722,0.9717
55,722,0.9587
65,722,0.9079
70,722,0.842
75,722,0.7637
0,724,0.9505
15,724,0.945
25,724,0.9579
35,724,0.9671
45,724,0.9721
55,724,0.9583
65,724,0.9082
70,724,0.8409
75,724,0.7632
0,726,0.9487
15,726,0.9443
25,726,0.9593
35,726,0.9663
45,726,0.9723
55,726,0.958
65,726,0.9083
70,726,0.8398
75,726,0.7631
0,728,0.9466
15,728,0.9442
25,728,0.9603
35,728,0.9661
45,728,0.9723
55,728,0.9585
65,728,0.9077
70,728,0.8391
75,728,0.7635
0,730,0.9446
15,730,0.9446
25,730,0.9608
35,730,0.9656
45,730,0.972
55,730,0.9588
65,730,0.907
70,730,0.8385
75,730,0.7641
0,732,0.943
15,732,0.9457
25,732,0.9612
35,732,0.9654
45,732,0.9717
55,732,0.9595
65,732,0.9062
70,732,0.8381
75,732,0.7652
0,734,0.942
15,734,0.9474
25,734,0.9612
35,734,0.9657
45,734,0.9713
55,734,0.9602
65,734,0.9054
70,734,0.8383
75,734,0.7666
0,736,0.9416
15,736,0.9492
25,736,0.9608
35,736,0.9658
45,736,0.971
55,736,0.9611
65,736,0.9045
70,736,0.8386
75,736,0.7682
0,738,0.9419
15,738,0.9511
25,738,0.9602
35,738,0.9661
45,738,0.9704
55,738,0.9619
65,738,0.9039
70,738,0.8395
75,738,0.7696
0,740,0.9427
15,740,0.953
25,740,0.9595
35,740,0.967
45,740,0.97
55,740,0.9624
65,740,0.9034
70,740,0.8408
75,740,0.7712
0,742,0.9444
15,742,0.9543
25,742,0.9585
35,742,0.9679
45,742,0.9696
55,742,0.9631
65,742,0.9031
70,742,0.8422
75,742,0.7725
0,744,0.9464
15,744,0.9553
25,744,0.9579
35,744,0.9687
45,744,0.9694
55,744,0.9639
65,744,0.903
70,744,0.8435
75,744,0.7735
0,746,0.9481
15,746,0.956
25,746,0.9574
35,746,0.9694
45,746,0.9691
55,746,0.9643
65,746,0.9034
70,746,0.8449
75,746,0.7741
0,748,0.9501
15,748,0.9561
25,748,0.9572
35,748,0.9698
45,748,0.9693
55,748,0.9643
65,748,0.9042
70,748,0.8461
75,748,0.7743
0,750,0.9519
15,750,0.9556
25,750,0.9574
35,750,0.97
45,750,0.9692
55,750,0.964
65,750,0.9049
70,750,0.8471
75,750,0.7741
0,752,0.9532
15,752,0.955
25,752,0.9579
35,752,0.97
45,752,0.9696
55,752,0.9638
65,752,0.9059
70,752,0.8479
75,752,0.7734
0,754,0.9541
15,754,0.954
25,754,0.9584
35,754,0.9696
45,754,0.97
55,754,0.9635
65,754,0.9069
70,754,0.8485
75,754,0.7725
0,756,0.9543
15,756,0.953
25,756,0.9594
35,756,0.969
45,756,0.9704
55,756,0.9632
65,756,0.9082
70,756,0.8485
75,756,0.7713
0,758,0.9543
15,758,0.952
25,758,0.9603
35,758,0.9684
45,758,0.9711
55,758,0.9627
65,758,0.9093
70,758,0.8482
75,758,0.77
0,760,0.9537
15,760,0.9513
25,760,0.9611
35,760,0.9674
45,760,0.9714
55,760,0.9625
65,760,0.9101
70,760,0.8476
75,760,0.7682
0,762,0.9529
15,762,0.9509
25,762,0.9622
35,762,0.9662
45,762,0.9718
55,762,0.9621
65,762,0.9109
70,762,0.8467
75,762,0.7666
0,764,0.9517
15,764,0.9506
25,764,0.9627
35,764,0.9652
45,764,0.9725
55,764,0.9617
65,764,0.9116
70,764,0.8454
75,764,0.7651
0,766,0.9504
15,766,0.9509
25,766,0.9629
35,766,0.9645
45,766,0.9727
55,766,0.9619
65,766,0.9116
70,766,0.8441
75,766,0.7638
0,768,0.9496
15,768,0.9514
25,768,0.9629
35,768,0.9642
45,768,0.9727
55,768,0.9619
65,768,0.9114
70,768,0.8427
75,768,0.7627
0,770,0.9485
15,770,0.952
25,770,0.9626
35,770,0.9636
45,770,0.9731
55,770,0.9621
65,770,0.9109
70,770,0.8414
75,770,0.7618
0,772,0.948
15,772,0.9532
25,772,0.9617
35,772,0.9637
45,772,0.9731
55,772,0.9621
65,772,0.9103
70,772,0.8399
75,772,0.7612
0,774,0.9482
15,774,0.9544
25,774,0.9606
35,774,0.964
45,774,0.9731
55,774,0.9625
65,774,0.9096
70,774,0.8387
75,774,0.7609
0,776,0.9483
15,776,0.9556
25,776,0.9597
35,776,0.9642
45,776,0.973
55,776,0.963
65,776,0.9083
70,776,0.8379
75,776,0.7609
0,778,0.949
15,778,0.9563
25,778,0.9586
35,778,0.9645
45,778,0.9727
55,778,0.9633
65,778,0.9074
70,778,0.8371
75,778,0.7613
0,780,0.95
15,780,0.9569
25,780,0.9571
35,780,0.9655
45,780,0.9724
55,780,0.9641
65,780,0.9063
70,780,0.8366
75,780,0.7618
0,782,0.9514
15,782,0.9574
25,782,0.956
35,782,0.966
45,782,0.9722
55,782,0.9645
65,782,0.905
70,782,0.8365
75,782,0.7625
0,784,0.9524
15,784,0.9574
25,784,0.9552
35,784,0.9669
45,784,0.9721
55,784,0.9647
65,784,0.9042
70,784,0.8368
75,784,0.7636
0,786,0.9534
15,786,0.9568
25,786,0.9545
35,786,0.9677
45,786,0.9718
55,786,0.9651
65,786,0.9034
70,786,0.8371
75,786,0.7647
0,788,0.9547
15,788,0.9564
25,788,0.9545
35,788,0.9687
45,788,0.9715
55,788,0.9658
65,788,0.9028
70,788,0.8377
75,788,0.766
0,790,0.9555
15,790,0.9555
25,790,0.9545
35,790,0.9692
45,790,0.9716
55,790,0.9655
65,790,0.9022
70,790,0.8386
75,790,0.7672
0,792,0.9556
15,792,0.9538
25,792,0.9548
35,792,0.9695
45,792,0.9716
55,792,0.9656
65,792,0.9021
70,792,0.8396
75,792,0.7683
0,794,0.9558
15,794,0.9524
25,794,0.9552
35,794,0.9698
45,794,0.9718
55,794,0.9655
65,794,0.9022
70,794,0.8407
75,794,0.7688
0,796,0.955
15,796,0.9509
25,796,0.956
35,796,0.9701
45,796,0.9716
55,796,0.9656
65,796,0.9026
70,796,0.8416
75,796,0.7695
0,798,0.9539
15,798,0.9495
25,798,0.9572
35,798,0.9698
45,798,0.9721
55,798,0.9654
65,798,0.903
70,798,0.8427
75,798,0.7704
0,800,0.9527
15,800,0.9483
25,800,0.9583
35,800,0.9697
45,800,0.9721
55,800,0.965
65,800,0.9037
70,800,0.8437
75,800,0.7706
0,802,0.9512
15,802,0.9478
25,802,0.9594
35,802,0.9691
45,802,0.9726
55,802,0.9645
65,802,0.9043
70,802,0.8443
75,802,0.7706
0,804,0.9497
15,804,0.9472
25,804,0.9606
35,804,0.9685
45,804,0.9731
55,804,0.9639
65,804,0.9053
70,804,0.8452
75,804,0.7707
0,806,0.9482
15,806,0.947
25,806,0.9614
35,806,0.968
45,806,0.9731
55,806,0.9633
65,806,0.9065
70,806,0.8456
75,806,0.7708
0,808,0.9469
15,808,0.9471
25,808,0.9618
35,808,0.9677
45,808,0.9731
55,808,0.9629
65,808,0.9072
70,808,0.8462
75,808,0.7705
0,810,0.9455
15,810,0.9476
25,810,0.9623
35,810,0.9668
45,810,0.9733
55,810,0.9624
65,810,0.9077
70,810,0.8463
75,810,0.7704
0,812,0.9449
15,812,0.9489
25,812,0.9628
35,812,0.9667
45,812,0.9735
55,812,0.9628
65,812,0.9093
70,812,0.847
75,812,0.772
0,814,0.9447
15,814,0.9498
25,814,0.9627
35,814,0.9665
45,814,0.9735
55,814,0.9627
65,814,0.9099
70,814,0.8474
75,814,0.7722
0,816,0.9446
15,816,0.9509
25,816,0.9626
35,816,0.966
45,816,0.9736
55,816,0.9625
65,816,0.9104
70,816,0.8476
75,816,0.7721
0,818,0.9449
15,818,0.9522
25,818,0.9616
35,818,0.966
45,818,0.9729
55,818,0.9625
65,818,0.9111
70,818,0.8473
75,818,0.7723
0,820,0.9452
15,820,0.9538
25,820,0.9611
35,820,0.9662
45,820,0.9728
55,820,0.9627
65,820,0.9111
70,820,0.8471
75,820,0.7721
0,822,0.9463
15,822,0.9549
25,822,0.9606
35,822,0.9661
45,822,0.9732
55,822,0.9629
65,822,0.9112
70,822,0.8467
75,822,0.7727
0,824,0.9473
15,824,0.9561
25,824,0.9597
35,824,0.9666
45,824,0.9726
55,824,0.9634
65,824,0.9115
70,824,0.8469
75,824,0.773
0,826,0.9485
15,826,0.9564
25,826,0.9592
35,826,0.9672
45,826,0.9727
55,826,0.9641
65,826,0.9114
70,826,0.8469
75,826,0.7738
0,828,0.9497
15,828,0.9573
25,828,0.9586
35,828,0.9679
45,828,0.9725
55,828,0.9643
65,828,0.9118
70,828,0.8473
75,828,0.7743
0,830,0.9514
15,830,0.9574
25,830,0.9579
35,830,0.968
45,830,0.9726
55,830,0.965
65,830,0.9117
70,830,0.8475
75,830,0.775
0,832,0.9523
15,832,0.9575
25,832,0.9573
35,832,0.9691
45,832,0.9728
55,832,0.9658
65,832,0.9115
70,832,0.8477
75,832,0.7763
0,834,0.9533
15,834,0.9568
25,834,0.9574
35,834,0.9689
45,834,0.9724
55,834,0.966
65,834,0.9113
70,834,0.8486
75,834,0.7774
0,836,0.9544
15,836,0.956
25,836,0.9576
35,836,0.9694
45,836,0.9726
55,836,0.9664
65,836,0.9113
70,836,0.8492
75,836,0.779
0,838,0.9552
15,838,0.9554
25,838,0.9581
35,838,0.9697
45,838,0.9729
55,838,0.9669
65,838,0.9112
70,838,0.85
75,838,0.7799
0,840,0.955
15,840,0.9542
25,840,0.9579
35,840,0.9699
45,840,0.9732
55,840,0.9677
65,840,0.9115
70,840,0.8514
75,840,0.7808
0,842,0.9551
15,842,0.9533
25,842,0.9586
35,842,0.9697
45,842,0.9734
55,842,0.9673
65,842,0.912
70,842,0.8522
75,842,0.7821
0,844,0.9543
15,844,0.9526
25,844,0.9586
35,844,0.9698
45,844,0.9738
55,844,0.968
65,844,0.9127
70,844,0.8528
75,844,0.7832
0,846,0.954
15,846,0.9525
25,846,0.959
35,846,0.9688
45,846,0.9739
55,846,0.9678
65,846,0.9128
70,846,0.8543
75,846,0.7837
0,848,0.9532
15,848,0.9504
25,848,0.961
35,848,0.9694
45,848,0.974
55,848,0.9685
65,848,0.9133
70,848,0.8555
75,848,0.7847
0,850,0.9515
15,850,0.9504
25,850,0.9603
35,850,0.9689
45,850,0.9748
55,850,0.9687
65,850,0.9137
70,850,0.8564
75,850,0.7847
0,852,0.9494
15,852,0.9504
25,852,0.9612
35,852,0.9676
45,852,0.975
55,852,0.9682
65,852,0.9147
70,852,0.857
75,852,0.7862
0,854,0.9484
15,854,0.9491
25,854,0.9612
35,854,0.9671
45,854,0.975
55,854,0.968
65,854,0.9166
70,854,0.8583
75,854,0.787
0,856,0.9482
15,856,0.9507
25,856,0.9617
35,856,0.9673
45,856,0.9752
55,856,0.9694
65,856,0.917
70,856,0.8589
75,856,0.7868
0,858,0.9486
15,858,0.9504
25,858,0.9627
35,858,0.9673
45,858,0.9756
55,858,0.9687
65,858,0.9163
70,858,0.8591
75,858,0.7862
0,860,0.947
15,860,0.951
25,860,0.9604
35,860,0.9673
45,860,0.9762
55,860,0.9684
65,860,0.9185
70,860,0.8603
75,860,0.7852
0,862,0.9464
15,862,0.95
25,862,0.9623
35,862,0.9645
45,862,0.9763
55,862,0.9691
65,862,0.9193
70,862,0.8605
75,862,0.785
0,864,0.9465
15,864,0.953
25,864,0.9611
35,864,0.9666
45,864,0.9754
55,864,0.9681
65,864,0.92
70,864,0.8603
75,864,0.7851
0,866,0.9454
15,866,0.9535
25,866,0.9597
35,866,0.9655
45,866,0.9753
55,866,0.9703
65,866,0.9197
70,866,0.861
75,866,0.7839
0,868,0.9471
15,868,0.9536
25,868,0.9618
35,868,0.964
45,868,0.9747
55,868,0.9677
65,868,0.9194
70,868,0.8597
75,868,0.7834
0,870,0.9473
15,870,0.9554
25,870,0.9587
35,870,0.9661
45,870,0.9747
55,870,0.9697
65,870,0.9203
70,870,0.8592
75,870,0.7832
0,872,0.9474
15,872,0.954
25,872,0.9598
35,872,0.9677
45,872,0.9757
55,872,0.9675
65,872,0.9196
70,872,0.859
75,872,0.7819
0,874,0.948
15,874,0.9553
25,874,0.9536
35,874,0.9658
45,874,0.9739
55,874,0.9669
65,874,0.9226
70,874,0.857
75,874,0.7806
0,876,0.9461
15,876,0.9555
25,876,0.9558
35,876,0.966
45,876,0.9758
55,876,0.9666
65,876,0.9213
70,876,0.8575
75,876,0.7795
0,878,0.9488
15,878,0.9537
25,878,0.9555
35,878,0.9677
45,878,0.9748
55,878,0.9704
65,878,0.9203
70,878,0.8567
75,878,0.7793
0,880,0.9486
15,880,0.9546
25,880,0.9544
35,880,0.9674
45,880,0.9734
55,880,0.9684
65,880,0.9214
70,880,0.8566
75,880,0.7776
0,882,0.9514
15,882,0.949
25,882,0.9542
35,882,0.968
45,882,0.974
55,882,0.9677
65,882,0.9222
70,882,0.8573
75,882,0.7777
0,884,0.947
15,884,0.9488
25,884,0.9566
35,884,0.9669
45,884,0.9734
55,884,0.9701
65,884,0.9241
70,884,0.8554
75,884,0.7773
0,886,0.9493
15,886,0.9531
25,886,0.9567
35,886,0.9695
45,886,0.9708
55,886,0.9707
65,886,0.9212
70,886,0.8558
75,886,0.7779
0,888,0.9489
15,888,0.9454
25,888,0.9473
35,888,0.9665
45,888,0.9726
55,888,0.9712
65,888,0.9201
70,888,0.8513
75,888,0.7796
0,890,0.95
15,890,0.9466
25,890,0.953
35,890,0.9717
45,890,0.972
55,890,0.9674
65,890,0.9181
70,890,0.8508
75,890,0.7764
0,892,0.9488
15,892,0.9481
25,892,0.9535
35,892,0.9749
45,892,0.9704
55,892,0.9713
65,892,0.9185
70,892,0.8537
75,892,0.7796
0,894,0.948
15,894,0.9491
25,894,0.9593
35,894,0.9667
45,894,0.9747
55,894,0.9719
65,894,0.9136
70,894,0.8505
75,894,0.7777
0,896,0.9453
15,896,0.9499
25,896,0.954
35,896,0.9709
45,896,0.9737
55,896,0.9678
65,896,0.9132
70,896,0.8541
75,896,0.7767
0,898,0.9487
15,898,0.9481
25,898,0.9579
35,898,0.9671
45,898,0.9722
55,898,0.963
65,898,0.9162
70,898,0.848
75,898,0.7759
0,900,0.948
15,900,0.9461
25,900,0.955
35,900,0.967
45,900,0.9699
55,900,0.9691
65,900,0.9137
70,900,0.8494
75,900,0.7811
