0,250,0.8154
10,250,0.8092
20,250,0.8132
30,250,0.8212
40,250,0.8244
45,250,0.8262
50,250,0.8276
60,250,0.8
70,250,0.7045
0,252,0.8163
10,252,0.8106
20,252,0.815
30,252,0.8237
40,252,0.828
45,252,0.8301
50,252,0.8327
60,252,0.8065
70,252,0.7122
0,254,0.8173
10,254,0.8117
20,254,0.8163
30,254,0.8258
40,254,0.8311
45,254,0.8339
50,254,0.8371
60,254,0.8126
70,254,0.7191
0,256,0.8181
10,256,0.8129
20,256,0.8177
30,256,0.8276
40,256,0.8341
45,256,0.8373
50,256,0.8412
60,256,0.8182
70,256,0.7251
0,258,0.8192
10,258,0.8139
20,258,0.8192
30,258,0.8293
40,258,0.8365
45,258,0.8403
50,258,0.8446
60,258,0.8228
70,258,0.7302
0,260,0.8201
10,260,0.8148
20,260,0.8206
30,260,0.8312
40,260,0.8389
45,260,0.8429
50,260,0.8475
60,260,0.8266
70,260,0.7346
0,262,0.821
10,262,0.8158
20,262,0.8217
30,262,0.8328
40,262,0.8409
45,262,0.8455
50,262,0.8505
60,262,0.8303
70,262,0.7384
0,264,0.8217
10,264,0.8171
20,264,0.823
30,264,0.8344
40,264,0.8432
45,264,0.8474
50,264,0.8531
60,264,0.8335
70,264,0.7421
0,266,0.8228
10,266,0.818
20,266,0.8243
30,266,0.8358
40,266,0.8447
45,266,0.8497
50,266,0.8553
60,266,0.8362
70,266,0.7452
0,268,0.8238
10,268,0.8192
20,268,0.8256
30,268,0.837
40,268,0.8461
45,268,0.8516
50,268,0.857
60,268,0.8387
70,268,0.7479
0,270,0.8246
10,270,0.8203
20,270,0.8266
30,270,0.8386
40,270,0.8482
45,270,0.8536
50,270,0.8596
60,270,0.8417
70,270,0.7506
0,272,0.8256
10,272,0.8213
20,272,0.8278
30,272,0.84
40,272,0.8498
45,272,0.8558
50,272,0.8618
60,272,0.8443
70,272,0.7537
0,274,0.8268
10,274,0.8225
20,274,0.8292
30,274,0.8417
40,274,0.8516
45,274,0.8577
50,274,0.8644
60,274,0.8471
70,274,0.7568
0,276,0.8277
10,276,0.8236
20,276,0.8306
30,276,0.8431
40,276,0.8534
45,276,0.8595
50,276,0.8665
60,276,0.8501
70,276,0.7598
0,278,0.8284
10,278,0.8246
20,278,0.8316
30,278,0.8445
40,278,0.8555
45,278,0.8615
50,278,0.8689
60,278,0.853
70,278,0.7625
0,280,0.8297
10,280,0.8255
20,280,0.8329
30,280,0.8461
40,280,0.8574
45,280,0.8638
50,280,0.871
60,280,0.8557
70,280,0.7659
0,282,0.8307
10,282,0.8267
20,282,0.8341
30,282,0.8476
40,282,0.859
45,282,0.866
50,282,0.8732
60,282,0.8581
70,282,0.7688
0,284,0.831
10,284,0.8278
20,284,0.8352
30,284,0.8487
40,284,0.8611
45,284,0.8679
50,284,0.8757
60,284,0.8613
70,284,0.772
0,286,0.8323
10,286,0.8286
20,286,0.8367
30,286,0.8501
40,286,0.8631
45,286,0.8701
50,286,0.8779
60,286,0.8642
70,286,0.775
0,288,0.8335
10,288,0.8299
20,288,0.8375
30,288,0.8516
40,288,0.8651
45,288,0.8721
50,288,0.8804
60,288,0.8671
70,288,0.7783
0,290,0.8341
10,290,0.8305
20,290,0.8386
30,290,0.8532
40,290,0.8662
45,290,0.8739
50,290,0.8825
60,290,0.8704
70,290,0.7817
0,292,0.8349
10,292,0.8315
20,292,0.8399
30,292,0.8546
40,292,0.8683
45,292,0.8763
50,292,0.8853
60,292,0.8735
70,292,0.7853
0,294,0.836
10,294,0.8325
20,294,0.841
30,294,0.8559
40,294,0.8705
45,294,0.8786
50,294,0.8879
60,294,0.8771
70,294,0.7895
0,296,0.8366
10,296,0.8331
20,296,0.8422
30,296,0.8574
40,296,0.8726
45,296,0.881
50,296,0.8907
60,296,0.8811
70,296,0.7938
0,298,0.8374
10,298,0.8337
20,298,0.8428
30,298,0.8593
40,298,0.8748
45,298,0.8833
50,298,0.8933
60,298,0.8849
70,298,0.7977
0,300,0.8376
10,300,0.835
20,300,0.8441
30,300,0.8602
40,300,0.8763
45,300,0.8855
50,300,0.8964
60,300,0.8878
70,300,0.8018
0,302,0.8387
10,302,0.8355
20,302,0.8452
30,302,0.8615
40,302,0.8781
45,302,0.8871
50,302,0.8986
60,302,0.891
70,302,0.8044
0,304,0.8388
10,304,0.8362
20,304,0.8461
30,304,0.8627
40,304,0.8797
45,304,0.8891
50,304,0.9003
60,304,0.8939
70,304,0.8076
0,306,0.8396
10,306,0.8371
20,306,0.8466
30,306,0.8637
40,306,0.8809
45,306,0.8902
50,306,0.9018
60,306,0.8956
70,306,0.8097
0,308,0.8403
10,308,0.8374
20,308,0.8476
30,308,0.8641
40,308,0.8822
45,308,0.8911
50,308,0.9029
60,308,0.8971
70,308,0.8115
0,310,0.8407
10,310,0.8384
20,310,0.8478
30,310,0.8652
40,310,0.8829
45,310,0.8925
50,310,0.9043
60,310,0.8984
70,310,0.8126
0,312,0.8413
10,312,0.8387
20,312,0.8486
30,312,0.8659
40,312,0.8837
45,312,0.8935
50,312,0.9053
60,312,0.8997
70,312,0.8142
0,314,0.842
10,314,0.8394
20,314,0.8495
30,314,0.8666
40,314,0.8848
45,314,0.8951
50,314,0.9069
60,314,0.9013
70,314,0.816
0,316,0.8425
10,316,0.8398
20,316,0.8501
30,316,0.8675
40,316,0.8859
45,316,0.8957
50,316,0.9081
60,316,0.9028
70,316,0.818
0,318,0.8432
10,318,0.8403
20,318,0.851
30,318,0.8683
40,318,0.8869
45,318,0.8969
50,318,0.9097
60,318,0.905
70,318,0.82
0,320,0.8435
10,320,0.8408
20,320,0.8502
30,320,0.8655
40,320,0.8817
45,320,0.8906
50,320,0.9009
60,320,0.8934
70,320,0.8062
0,322,0.8445
10,322,0.8411
20,322,0.8505
30,322,0.866
40,322,0.8821
45,322,0.8912
50,322,0.9013
60,322,0.8932
70,322,0.8062
0,324,0.8451
10,324,0.8416
20,324,0.8507
30,324,0.8672
40,324,0.8836
45,324,0.8926
50,324,0.903
60,324,0.8954
70,324,0.8086
0,326,0.8447
10,326,0.8417
20,326,0.8516
30,326,0.8677
40,326,0.8845
45,326,0.8936
50,326,0.9037
60,326,0.8965
70,326,0.8101
0,328,0.8454
10,328,0.8425
20,328,0.8525
30,328,0.8678
40,328,0.8851
45,328,0.894
50,328,0.9046
60,328,0.8975
70,328,0.8113
0,330,0.8459
10,330,0.843
20,330,0.8531
30,330,0.8687
40,330,0.8857
45,330,0.8945
50,330,0.9061
60,330,0.8985
70,330,0.8123
0,332,0.8468
10,332,0.8429
20,332,0.8535
30,332,0.8693
40,332,0.8865
45,332,0.8953
50,332,0.9062
60,332,0.8992
70,332,0.8125
0,334,0.8473
10,334,0.8439
20,334,0.854
30,334,0.8697
40,334,0.8871
45,334,0.8958
50,334,0.9071
60,334,0.8998
70,334,0.813
0,336,0.8472
10,336,0.8446
20,336,0.854
30,336,0.8706
40,336,0.8874
45,336,0.8962
50,336,0.9073
60,336,0.8998
70,336,0.8134
0,338,0.8477
10,338,0.8447
20,338,0.8543
30,338,0.8705
40,338,0.8877
45,338,0.8964
50,338,0.9077
60,338,0.9002
70,338,0.8133
0,340,0.8482
10,340,0.8453
20,340,0.8551
30,340,0.8712
40,340,0.8878
45,340,0.8969
50,340,0.9077
60,340,0.9004
70,340,0.8133
0,342,0.8489
10,342,0.8454
20,342,0.8553
30,342,0.8714
40,342,0.888
45,342,0.8972
50,342,0.9081
60,342,0.9007
70,342,0.8132
0,344,0.8485
10,344,0.8455
20,344,0.856
30,344,0.8718
40,344,0.8888
45,344,0.8971
50,344,0.9084
60,344,0.9007
70,344,0.8132
0,346,0.8492
10,346,0.8461
20,346,0.8563
30,346,0.872
40,346,0.8886
45,346,0.8972
50,346,0.9081
60,346,0.9008
70,346,0.8131
0,348,0.8495
10,348,0.8465
20,348,0.8563
30,348,0.8726
40,348,0.8888
45,348,0.8978
50,348,0.9081
60,348,0.9006
70,348,0.8131
0,350,0.8498
10,350,0.8469
20,350,0.8567
30,350,0.8726
40,350,0.8898
45,350,0.8977
50,350,0.9083
60,350,0.9005
70,350,0.8129
0,352,0.8499
10,352,0.8471
20,352,0.857
30,352,0.8726
40,352,0.8897
45,352,0.898
50,352,0.9084
60,352,0.9008
70,352,0.8127
0,354,0.8508
10,354,0.8478
20,354,0.857
30,354,0.873
40,354,0.8899
45,354,0.8985
50,354,0.9086
60,354,0.901
70,354,0.8126
0,356,0.8511
10,356,0.8479
20,356,0.8573
30,356,0.8737
40,356,0.8896
45,356,0.8987
50,356,0.9085
60,356,0.9006
70,356,0.8128
0,358,0.851
10,358,0.8484
20,358,0.858
30,358,0.8734
40,358,0.8902
45,358,0.8987
50,358,0.9089
60,358,0.901
70,358,0.8128
0,360,0.8515
10,360,0.8487
20,360,0.8581
30,360,0.8737
40,360,0.8906
45,360,0.8984
50,360,0.9091
60,360,0.9005
70,360,0.8131
0,362,0.8514
10,362,0.8487
20,362,0.8585
30,362,0.8743
40,362,0.8903
45,362,0.8987
50,362,0.9088
60,362,0.9009
70,362,0.8129
0,364,0.8519
10,364,0.8489
20,364,0.8587
30,364,0.8742
40,364,0.8908
45,364,0.8984
50,364,0.9094
60,364,0.9006
70,364,0.8121
0,366,0.8523
10,366,0.8493
20,366,0.859
30,366,0.8743
40,366,0.8906
45,366,0.8994
50,366,0.9089
60,366,0.9001
70,366,0.8122
0,368,0.853
10,368,0.8497
20,368,0.8589
30,368,0.8747
40,368,0.8904
45,368,0.899
50,368,0.9091
60,368,0.9008
70,368,0.8124
0,370,0.8525
10,370,0.8497
20,370,0.8591
30,370,0.8746
40,370,0.8915
45,370,0.899
50,370,0.9092
60,370,0.9007
70,370,0.8123
0,372,0.8533
10,372,0.8503
20,372,0.8595
30,372,0.8749
40,372,0.8915
45,372,0.9002
50,372,0.9096
60,372,0.9009
70,372,0.8121
0,374,0.853
10,374,0.8505
20,374,0.8603
30,374,0.8753
40,374,0.8912
45,374,0.8997
50,374,0.9097
60,374,0.9007
70,374,0.812
0,376,0.8538
10,376,0.8505
20,376,0.8602
30,376,0.8755
40,376,0.8915
45,376,0.8997
50,376,0.9095
60,376,0.9004
70,376,0.8119
0,378,0.8534
10,378,0.8506
20,378,0.86
30,378,0.8752
40,378,0.892
45,378,0.9006
50,378,0.9097
60,378,0.9017
70,378,0.8121
0,380,0.853
10,380,0.8503
20,380,0.8595
30,380,0.8752
40,380,0.8915
45,380,0.8996
50,380,0.9096
60,380,0.9011
70,380,0.8121
0,382,0.8536
10,382,0.8504
20,382,0.8603
30,382,0.8757
40,382,0.8918
45,382,0.8999
50,382,0.9096
60,382,0.9012
70,382,0.8121
0,384,0.8535
10,384,0.8507
20,384,0.8602
30,384,0.8759
40,384,0.892
45,384,0.9001
50,384,0.9101
60,384,0.9012
70,384,0.8123
0,386,0.8539
10,386,0.8509
20,386,0.8608
30,386,0.8763
40,386,0.8923
45,386,0.9005
50,386,0.9103
60,386,0.9015
70,386,0.8125
0,388,0.8541
10,388,0.8511
20,388,0.8607
30,388,0.8766
40,388,0.8925
45,388,0.9006
50,388,0.9103
60,388,0.9015
70,388,0.8127
0,390,0.8541
10,390,0.8511
20,390,0.8609
30,390,0.8765
40,390,0.8929
45,390,0.9006
50,390,0.9111
60,390,0.9023
70,390,0.8132
0,392,0.8542
10,392,0.8516
20,392,0.861
30,392,0.8763
40,392,0.8926
45,392,0.9008
50,392,0.911
60,392,0.9023
70,392,0.8134
0,394,0.8542
10,394,0.8515
20,394,0.8611
30,394,0.8771
40,394,0.8931
45,394,0.9011
50,394,0.9111
60,394,0.9027
70,394,0.8137
0,396,0.8544
10,396,0.8516
20,396,0.8616
30,396,0.8771
40,396,0.8931
45,396,0.902
50,396,0.9114
60,396,0.9029
70,396,0.8138
0,398,0.8546
10,398,0.852
20,398,0.8614
30,398,0.8774
40,398,0.8934
45,398,0.9019
50,398,0.9118
60,398,0.9032
70,398,0.8145
0,400,0.855
10,400,0.852
20,400,0.8617
30,400,0.8776
40,400,0.8939
45,400,0.9026
50,400,0.9124
60,400,0.9037
70,400,0.8147
0,402,0.8551
10,402,0.8521
20,402,0.8621
30,402,0.8777
40,402,0.8943
45,402,0.9025
50,402,0.9125
60,402,0.904
70,402,0.8153
0,404,0.8552
10,404,0.8525
20,404,0.8622
30,404,0.878
40,404,0.8945
45,404,0.9028
50,404,0.9127
60,404,0.9045
70,404,0.8155
0,406,0.8553
10,406,0.852
20,406,0.8626
30,406,0.8784
40,406,0.8946
45,406,0.9032
50,406,0.9134
60,406,0.905
70,406,0.8159
0,408,0.8555
10,408,0.8526
20,408,0.8628
30,408,0.8784
40,408,0.8952
45,408,0.903
50,408,0.9138
60,408,0.9053
70,408,0.8166
0,410,0.8555
10,410,0.8528
20,410,0.8627
30,410,0.8787
40,410,0.8953
45,410,0.9039
50,410,0.914
60,410,0.9061
70,410,0.8168
0,412,0.856
10,412,0.8531
20,412,0.8629
30,412,0.8789
40,412,0.896
45,412,0.904
50,412,0.9142
60,412,0.9065
70,412,0.8176
0,414,0.8561
10,414,0.8535
20,414,0.8632
30,414,0.8789
40,414,0.8958
45,414,0.9045
50,414,0.9147
60,414,0.9069
70,414,0.8181
0,416,0.8561
10,416,0.8535
20,416,0.8632
30,416,0.8793
40,416,0.8962
45,416,0.9046
50,416,0.9152
60,416,0.9071
70,416,0.8186
0,418,0.8562
10,418,0.8537
20,418,0.8635
30,418,0.8794
40,418,0.8963
45,418,0.905
50,418,0.9157
60,418,0.908
70,418,0.8192
0,420,0.8562
10,420,0.8538
20,420,0.8635
30,420,0.8793
40,420,0.8966
45,420,0.9053
50,420,0.916
60,420,0.9084
70,420,0.8199
0,422,0.8565
10,422,0.8539
20,422,0.8636
30,422,0.8798
40,422,0.8975
45,422,0.9061
50,422,0.9165
60,422,0.909
70,422,0.8205
0,424,0.8563
10,424,0.8538
20,424,0.8637
30,424,0.8803
40,424,0.8975
45,424,0.9062
50,424,0.9168
60,424,0.9099
70,424,0.8213
0,426,0.8565
10,426,0.8543
20,426,0.8642
30,426,0.8801
40,426,0.8978
45,426,0.907
50,426,0.9174
60,426,0.9103
70,426,0.8221
0,428,0.8567
10,428,0.8542
20,428,0.8646
30,428,0.8804
40,428,0.898
45,428,0.907
50,428,0.9178
60,428,0.911
70,428,0.8227
0,430,0.8566
10,430,0.8543
20,430,0.8645
30,430,0.8808
40,430,0.8983
45,430,0.9072
50,430,0.9182
60,430,0.9114
70,430,0.8235
0,432,0.8569
10,432,0.8544
20,432,0.8646
30,432,0.8812
40,432,0.8991
45,432,0.9077
50,432,0.9187
60,432,0.9123
70,432,0.8242
0,434,0.8569
10,434,0.8548
20,434,0.8649
30,434,0.8817
40,434,0.8993
45,434,0.9077
50,434,0.9192
60,434,0.9128
70,434,0.8249
0,436,0.8571
10,436,0.8547
20,436,0.8648
30,436,0.8816
40,436,0.8997
45,436,0.9083
50,436,0.9195
60,436,0.9135
70,436,0.8255
0,438,0.8573
10,438,0.8548
20,438,0.8649
30,438,0.8818
40,438,0.9
45,438,0.9089
50,438,0.9199
60,438,0.9139
70,438,0.826
0,440,0.8574
10,440,0.8552
20,440,0.8652
30,440,0.882
40,440,0.9004
45,440,0.9095
50,440,0.9206
60,440,0.9146
70,440,0.827
0,442,0.8575
10,442,0.8553
20,442,0.8657
30,442,0.882
40,442,0.9004
45,442,0.9096
50,442,0.9211
60,442,0.9149
70,442,0.8271
0,444,0.8571
10,444,0.8549
20,444,0.865
30,444,0.8816
40,444,0.8999
45,444,0.9089
50,444,0.9203
60,444,0.9143
70,444,0.8265
0,446,0.8557
10,446,0.8537
20,446,0.864
30,446,0.8811
40,446,0.8999
45,446,0.9091
50,446,0.921
60,446,0.916
70,446,0.8289
0,448,0.8559
10,448,0.8538
20,448,0.8647
30,448,0.8825
40,448,0.9026
45,448,0.9125
50,448,0.9251
60,448,0.9222
70,448,0.8362
0,450,0.8556
10,450,0.8537
20,450,0.8652
30,450,0.884
40,450,0.9051
45,450,0.9156
50,450,0.9294
60,450,0.9282
70,450,0.8434
0,452,0.8553
10,452,0.8539
20,452,0.8656
30,452,0.8849
40,452,0.9075
45,452,0.9188
50,452,0.9337
60,452,0.9344
70,452,0.8507
0,454,0.8552
10,454,0.8539
20,454,0.8662
30,454,0.8866
40,454,0.9099
45,454,0.9221
50,454,0.9378
60,454,0.9406
70,454,0.8582
0,456,0.8555
10,456,0.8541
20,456,0.8669
30,456,0.888
40,456,0.9126
45,456,0.9256
50,456,0.9423
60,456,0.9469
70,456,0.8659
0,458,0.8556
10,458,0.8545
20,458,0.8678
30,458,0.8893
40,458,0.9156
45,458,0.9287
50,458,0.9466
60,458,0.9528
70,458,0.8729
0,460,0.856
10,460,0.8552
20,460,0.8687
30,460,0.8912
40,460,0.918
45,460,0.9318
50,460,0.9503
60,460,0.9581
70,460,0.8791
0,462,0.8569
10,462,0.8561
20,462,0.8699
30,462,0.8929
40,462,0.9203
45,462,0.9346
50,462,0.9536
60,462,0.9625
70,462,0.884
0,464,0.8581
10,464,0.8572
20,464,0.8712
30,464,0.8945
40,464,0.9224
45,464,0.9369
50,464,0.956
60,464,0.9655
70,464,0.8875
0,466,0.8592
10,466,0.8584
20,466,0.8724
30,466,0.8957
40,466,0.9237
45,466,0.9382
50,466,0.9574
60,466,0.9669
70,466,0.8888
0,468,0.86
10,468,0.8593
20,468,0.8731
30,468,0.8963
40,468,0.9239
45,468,0.9384
50,468,0.9573
60,468,0.9665
70,468,0.888
0,470,0.8605
10,470,0.8598
20,470,0.8735
30,470,0.896
40,470,0.9232
45,470,0.9376
50,470,0.956
60,470,0.9643
70,470,0.8849
0,472,0.8608
10,472,0.8602
20,472,0.8735
30,472,0.8955
40,472,0.922
45,472,0.9356
50,472,0.9535
60,472,0.9604
70,472,0.8803
0,474,0.8611
10,474,0.8601
20,474,0.8732
30,474,0.8943
40,474,0.9199
45,474,0.933
50,474,0.9501
60,474,0.9552
70,474,0.8742
0,476,0.8612
10,476,0.8599
20,476,0.8726
30,476,0.893
40,476,0.9174
45,476,0.93
50,476,0.9459
60,476,0.9494
70,476,0.867
0,478,0.8615
10,478,0.8601
20,478,0.8723
30,478,0.8919
40,478,0.9148
45,478,0.9268
50,478,0.9417
60,478,0.9431
70,478,0.8594
0,480,0.8623
10,480,0.8607
20,480,0.8721
30,480,0.8904
40,480,0.9119
45,480,0.923
50,480,0.9363
60,480,0.9351
70,480,0.8496
0,482,0.8609
10,482,0.8591
20,482,0.8695
30,482,0.8863
40,482,0.9054
45,482,0.9149
50,482,0.9264
60,482,0.9213
70,482,0.8336
0,484,0.8595
10,484,0.8572
20,484,0.867
30,484,0.8828
40,484,0.9002
45,484,0.9088
50,484,0.919
60,484,0.9117
70,484,0.8225
0,486,0.8586
10,486,0.8564
20,486,0.8659
30,486,0.8815
40,486,0.8986
45,486,0.9066
50,486,0.9168
60,486,0.9085
70,486,0.819
0,488,0.8581
10,488,0.8559
20,488,0.8654
30,488,0.8812
40,488,0.8984
45,488,0.9067
50,488,0.9167
60,488,0.9091
70,488,0.8198
0,490,0.8573
10,490,0.8552
20,490,0.8651
30,490,0.8814
40,490,0.8995
45,490,0.9083
50,490,0.9188
60,490,0.9126
70,490,0.8243
0,492,0.8565
10,492,0.8547
20,492,0.865
30,492,0.8822
40,492,0.9018
45,492,0.9112
50,492,0.9227
60,492,0.9186
70,492,0.8318
0,494,0.8558
10,494,0.8544
20,494,0.8653
30,494,0.8835
40,494,0.9044
45,494,0.9152
50,494,0.9281
60,494,0.9266
70,494,0.8417
0,496,0.8553
10,496,0.8541
20,496,0.8658
30,496,0.8853
40,496,0.9082
45,496,0.9199
50,496,0.9343
60,496,0.936
70,496,0.853
0,498,0.8551
10,498,0.8541
20,498,0.8665
30,498,0.8871
40,498,0.9118
45,498,0.9248
50,498,0.9405
60,498,0.9454
70,498,0.8644
0,500,0.8549
10,500,0.8542
20,500,0.8673
30,500,0.8892
40,500,0.9155
45,500,0.9295
50,500,0.9466
60,500,0.954
70,500,0.8749
0,502,0.855
10,502,0.8546
20,502,0.8683
30,502,0.8911
40,502,0.9189
45,502,0.9338
50,502,0.952
60,502,0.9615
70,502,0.8836
0,504,0.8559
10,504,0.8554
20,504,0.8697
30,504,0.8933
40,504,0.9221
45,504,0.9377
50,504,0.9566
60,504,0.9679
70,504,0.8909
0,506,0.8572
10,506,0.8569
20,506,0.8713
30,506,0.8954
40,506,0.925
45,506,0.9411
50,506,0.9606
60,506,0.9729
70,506,0.8965
0,508,0.8586
10,508,0.8583
20,508,0.873
30,508,0.8973
40,508,0.9275
45,508,0.944
50,508,0.9638
60,508,0.9766
70,508,0.9003
0,510,0.8599
10,510,0.8596
20,510,0.8745
30,510,0.8989
40,510,0.9293
45,510,0.946
50,510,0.9658
60,510,0.979
70,510,0.9022
0,512,0.8608
10,512,0.8608
20,512,0.8756
30,512,0.9
40,512,0.9303
45,512,0.947
50,512,0.9669
60,512,0.9799
70,512,0.9028
0,514,0.8616
10,514,0.8615
20,514,0.8762
30,514,0.9006
40,514,0.9308
45,514,0.9472
50,514,0.9671
60,514,0.9797
70,514,0.902
0,516,0.8619
10,516,0.8618
20,516,0.8763
30,516,0.9007
40,516,0.9304
45,516,0.9468
50,516,0.9662
60,516,0.9783
70,516,0.9
0,518,0.8622
10,518,0.862
20,518,0.8762
30,518,0.9002
40,518,0.9295
45,518,0.9457
50,518,0.9647
60,518,0.9761
70,518,0.8974
0,520,0.8621
10,520,0.862
20,520,0.8759
30,520,0.8995
40,520,0.9285
45,520,0.9443
50,520,0.9628
60,520,0.9734
70,520,0.8941
0,522,0.8621
10,522,0.8618
20,522,0.8755
30,522,0.8988
40,522,0.9271
45,522,0.9426
50,522,0.9609
60,522,0.9703
70,522,0.8904
0,524,0.8621
10,524,0.8616
20,524,0.8753
30,524,0.898
40,524,0.9257
45,524,0.9407
50,524,0.9586
60,524,0.9671
70,524,0.8865
0,526,0.8619
10,526,0.8612
20,526,0.8747
30,526,0.8972
40,526,0.9243
45,526,0.9389
50,526,0.9561
60,526,0.9639
70,526,0.8827
0,528,0.8617
10,528,0.8611
20,528,0.8742
30,528,0.8963
40,528,0.9229
45,528,0.9371
50,528,0.9537
60,528,0.9605
70,528,0.8789
0,530,0.8617
10,530,0.861
20,530,0.8739
30,530,0.8955
40,530,0.9214
45,530,0.9352
50,530,0.9515
60,530,0.9572
70,530,0.875
0,532,0.8617
10,532,0.8609
20,532,0.8734
30,532,0.8947
40,532,0.9201
45,532,0.9335
50,532,0.9495
60,532,0.9542
70,532,0.8714
0,534,0.8615
10,534,0.8607
20,534,0.873
30,534,0.8937
40,534,0.9189
45,534,0.9319
50,534,0.9472
60,534,0.9514
70,534,0.868
0,536,0.8614
10,536,0.8605
20,536,0.8726
30,536,0.8931
40,536,0.9176
45,536,0.9304
50,536,0.9453
60,536,0.9487
70,536,0.8647
0,538,0.8613
10,538,0.8603
20,538,0.8725
30,538,0.8924
40,538,0.9165
45,538,0.9289
50,538,0.9436
60,538,0.946
70,538,0.8616
0,540,0.8612
10,540,0.8602
20,540,0.8721
30,540,0.8918
40,540,0.9155
45,540,0.9276
50,540,0.9418
60,540,0.9435
70,540,0.8588
0,542,0.8612
10,542,0.8602
20,542,0.8719
30,542,0.8914
40,542,0.9144
45,542,0.9263
50,542,0.9402
60,542,0.9413
70,542,0.8562
0,544,0.8612
10,544,0.8603
20,544,0.8717
30,544,0.8909
40,544,0.9134
45,544,0.9252
50,544,0.9388
60,544,0.9392
70,544,0.8539
0,546,0.8611
10,546,0.8602
20,546,0.8714
30,546,0.8903
40,546,0.9126
45,546,0.924
50,546,0.9375
60,546,0.9372
70,546,0.8515
0,548,0.861
10,548,0.86
20,548,0.8713
30,548,0.8899
40,548,0.9119
45,548,0.9233
50,548,0.9362
60,548,0.9353
70,548,0.8495
0,550,0.8612
10,550,0.8599
20,550,0.871
30,550,0.8894
40,550,0.9112
45,550,0.9223
50,550,0.9353
60,550,0.9338
70,550,0.8475
0,552,0.8612
10,552,0.86
20,552,0.8708
30,552,0.8892
40,552,0.9107
45,552,0.9214
50,552,0.9343
60,552,0.9324
70,552,0.8457
0,554,0.8612
10,554,0.8601
20,554,0.8709
30,554,0.889
40,554,0.9102
45,554,0.9206
50,554,0.9331
60,554,0.9311
70,554,0.8441
0,556,0.8613
10,556,0.86
20,556,0.8707
30,556,0.8887
40,556,0.9096
45,556,0.9199
50,556,0.9323
60,556,0.9299
70,556,0.8427
0,558,0.8612
10,558,0.8599
20,558,0.8706
30,558,0.8883
40,558,0.909
45,558,0.9193
50,558,0.9316
60,558,0.9288
70,558,0.8412
0,560,0.8609
10,560,0.8596
20,560,0.8703
30,560,0.8879
40,560,0.9083
45,560,0.9187
50,560,0.9308
60,560,0.9275
70,560,0.8398
0,562,0.8606
10,562,0.8593
20,562,0.8699
30,562,0.8874
40,562,0.9076
45,562,0.9176
50,562,0.9296
60,562,0.9262
70,562,0.8386
0,564,0.8607
10,564,0.8591
20,564,0.8695
30,564,0.8873
40,564,0.9072
45,564,0.9172
50,564,0.9291
60,564,0.9253
70,564,0.8377
0,566,0.8606
10,566,0.859
20,566,0.8694
30,566,0.8868
40,566,0.9068
45,566,0.9169
50,566,0.9285
60,566,0.9246
70,566,0.8368
0,568,0.8606
10,568,0.8591
20,568,0.8696
30,568,0.8868
40,568,0.9066
45,568,0.9163
50,568,0.9279
60,568,0.924
70,568,0.836
0,570,0.8607
10,570,0.8593
20,570,0.8696
30,570,0.8866
40,570,0.9064
45,570,0.916
50,570,0.9275
60,570,0.9236
70,570,0.8353
0,572,0.8608
10,572,0.8592
20,572,0.8694
30,572,0.8866
40,572,0.9064
45,572,0.9157
50,572,0.9273
60,572,0.9231
70,572,0.8346
0,574,0.8608
10,574,0.8592
20,574,0.8694
30,574,0.8866
40,574,0.9062
45,574,0.9156
50,574,0.9268
60,574,0.9225
70,574,0.8339
0,576,0.8609
10,576,0.8594
20,576,0.8695
30,576,0.8865
40,576,0.906
45,576,0.9152
50,576,0.9265
60,576,0.922
70,576,0.8335
0,578,0.861
10,578,0.8594
20,578,0.8695
30,578,0.8863
40,578,0.9059
45,578,0.915
50,578,0.9264
60,578,0.9216
70,578,0.8331
0,580,0.8609
10,580,0.8594
20,580,0.8693
30,580,0.8863
40,580,0.9057
45,580,0.9148
50,580,0.9263
60,580,0.9213
70,580,0.8326
0,582,0.8608
10,582,0.8594
20,582,0.8693
30,582,0.8863
40,582,0.9056
45,582,0.9146
50,582,0.9261
60,582,0.9211
70,582,0.8324
0,584,0.8609
10,584,0.8595
20,584,0.8694
30,584,0.8864
40,584,0.9056
45,584,0.9144
50,584,0.9259
60,584,0.921
70,584,0.8322
0,586,0.8609
10,586,0.8595
20,586,0.8694
30,586,0.8864
40,586,0.9054
45,586,0.9145
50,586,0.9258
60,586,0.9207
70,586,0.8319
0,588,0.8609
10,588,0.8596
20,588,0.8694
30,588,0.8862
40,588,0.9052
45,588,0.9143
50,588,0.9258
60,588,0.9204
70,588,0.8316
0,590,0.861
10,590,0.8595
20,590,0.8694
30,590,0.8863
40,590,0.9052
45,590,0.9141
50,590,0.9257
60,590,0.9203
70,590,0.8314
0,592,0.861
10,592,0.8595
20,592,0.8696
30,592,0.8863
40,592,0.9053
45,592,0.9141
50,592,0.9255
60,592,0.9203
70,592,0.8313
0,594,0.861
10,594,0.8595
20,594,0.8697
30,594,0.8863
40,594,0.9053
45,594,0.9141
50,594,0.9254
60,594,0.9202
70,594,0.8312
0,596,0.8611
10,596,0.8596
20,596,0.8696
30,596,0.8863
40,596,0.9052
45,596,0.9141
50,596,0.9255
60,596,0.9202
70,596,0.8313
0,598,0.8613
10,598,0.8597
20,598,0.8696
30,598,0.8862
40,598,0.9053
45,598,0.9141
50,598,0.9255
60,598,0.9201
70,598,0.8311
0,600,0.861
10,600,0.8597
20,600,0.8696
30,600,0.8863
40,600,0.9054
45,600,0.9142
50,600,0.9255
60,600,0.9202
70,600,0.8311
0,602,0.8609
10,602,0.8596
20,602,0.8697
30,602,0.8863
40,602,0.9056
45,602,0.9143
50,602,0.9256
60,602,0.9203
70,602,0.8312
0,604,0.861
10,604,0.8597
20,604,0.8698
30,604,0.8864
40,604,0.9056
45,604,0.9141
50,604,0.9256
60,604,0.9204
70,604,0.8313
0,606,0.8612
10,606,0.8598
20,606,0.8697
30,606,0.8863
40,606,0.9056
45,606,0.9142
50,606,0.9256
60,606,0.9206
70,606,0.8315
0,608,0.8614
10,608,0.8598
20,608,0.8697
30,608,0.8866
40,608,0.9057
45,608,0.9142
50,608,0.9257
60,608,0.9206
70,608,0.8316
0,610,0.8614
10,610,0.8599
20,610,0.8698
30,610,0.8866
40,610,0.9059
45,610,0.9143
50,610,0.9259
60,610,0.9207
70,610,0.8316
0,612,0.8614
10,612,0.8599
20,612,0.8699
30,612,0.8865
40,612,0.906
45,612,0.9145
50,612,0.9261
60,612,0.9209
70,612,0.8317
0,614,0.8613
10,614,0.8598
20,614,0.8698
30,614,0.8865
40,614,0.906
45,614,0.9147
50,614,0.9261
60,614,0.9211
70,614,0.8319
0,616,0.8613
10,616,0.8598
20,616,0.8698
30,616,0.8866
40,616,0.906
45,616,0.9148
50,616,0.9263
60,616,0.9213
70,616,0.8321
0,618,0.8614
10,618,0.86
20,618,0.8699
30,618,0.8868
40,618,0.9062
45,618,0.9147
50,618,0.9265
60,618,0.9214
70,618,0.8324
0,620,0.8613
10,620,0.8601
20,620,0.87
30,620,0.8867
40,620,0.9063
45,620,0.9149
50,620,0.9268
60,620,0.9217
70,620,0.8326
0,622,0.8614
10,622,0.86
20,622,0.87
30,622,0.887
40,622,0.9062
45,622,0.9152
50,622,0.927
60,622,0.9219
70,622,0.8327
0,624,0.8615
10,624,0.8601
20,624,0.8701
30,624,0.8871
40,624,0.9063
45,624,0.9154
50,624,0.9269
60,624,0.922
70,624,0.833
0,626,0.8615
10,626,0.8602
20,626,0.8702
30,626,0.887
40,626,0.9066
45,626,0.9154
50,626,0.9269
60,626,0.9224
70,626,0.8335
0,628,0.8615
10,628,0.8602
20,628,0.8701
30,628,0.8872
40,628,0.9067
45,628,0.9154
50,628,0.9272
60,628,0.9227
70,628,0.8337
0,630,0.8615
10,630,0.8602
20,630,0.8699
30,630,0.8874
40,630,0.9068
45,630,0.9156
50,630,0.9274
60,630,0.9231
70,630,0.834
0,632,0.8615
10,632,0.8601
20,632,0.87
30,632,0.8874
40,632,0.907
45,632,0.9157
50,632,0.9277
60,632,0.9233
70,632,0.8344
0,634,0.8616
10,634,0.8602
20,634,0.8702
30,634,0.8875
40,634,0.9073
45,634,0.916
50,634,0.9278
60,634,0.9235
70,634,0.8349
0,636,0.8615
10,636,0.8604
20,636,0.8702
30,636,0.8874
40,636,0.9075
45,636,0.9163
50,636,0.928
60,636,0.9238
70,636,0.8352
0,638,0.8615
10,638,0.8605
20,638,0.8703
30,638,0.8876
40,638,0.9076
45,638,0.9165
50,638,0.9284
60,638,0.9241
70,638,0.8354
0,640,0.8617
10,640,0.8605
20,640,0.8704
30,640,0.8877
40,640,0.9078
45,640,0.9167
50,640,0.9286
60,640,0.9245
70,640,0.8357
0,642,0.8618
10,642,0.8605
20,642,0.8705
30,642,0.8879
40,642,0.908
45,642,0.9169
50,642,0.9288
60,642,0.9248
70,642,0.8363
0,644,0.8619
10,644,0.8605
20,644,0.8706
30,644,0.8879
40,644,0.9081
45,644,0.9171
50,644,0.929
60,644,0.9252
70,644,0.8365
0,646,0.8618
10,646,0.8605
20,646,0.8706
30,646,0.8878
40,646,0.9081
45,646,0.9172
50,646,0.9293
60,646,0.9255
70,646,0.8368
0,648,0.8619
10,648,0.8606
20,648,0.8707
30,648,0.888
40,648,0.9083
45,648,0.9175
50,648,0.9296
60,648,0.9258
70,648,0.8373
0,650,0.8619
10,650,0.8606
20,650,0.8707
30,650,0.888
40,650,0.9085
45,650,0.9177
50,650,0.9298
60,650,0.9261
70,650,0.8378
0,652,0.8619
10,652,0.8606
20,652,0.8708
30,652,0.8883
40,652,0.9086
45,652,0.9179
50,652,0.93
60,652,0.9265
70,652,0.8384
0,654,0.8618
10,654,0.8607
20,654,0.8709
30,654,0.8886
40,654,0.9089
45,654,0.9182
50,654,0.9303
60,654,0.927
70,654,0.8388
0,656,0.8617
10,656,0.8606
20,656,0.8708
30,656,0.8886
40,656,0.9092
45,656,0.9185
50,656,0.9306
60,656,0.9274
70,656,0.8392
0,658,0.8618
10,658,0.8605
20,658,0.8708
30,658,0.8887
40,658,0.9093
45,658,0.9187
50,658,0.9308
60,658,0.9278
70,658,0.8397
0,660,0.8619
10,660,0.8606
20,660,0.8711
30,660,0.8889
40,660,0.9094
45,660,0.9191
50,660,0.9313
60,660,0.9282
70,660,0.8402
0,662,0.8619
10,662,0.8607
20,662,0.8711
30,662,0.889
40,662,0.9095
45,662,0.9193
50,662,0.9316
60,662,0.9286
70,662,0.8406
0,664,0.8618
10,664,0.8607
20,664,0.8712
30,664,0.889
40,664,0.9096
45,664,0.9194
50,664,0.9318
60,664,0.929
70,664,0.841
0,666,0.8619
10,666,0.8607
20,666,0.8713
30,666,0.8893
40,666,0.9101
45,666,0.9196
50,666,0.9321
60,666,0.9293
70,666,0.8416
0,668,0.8619
10,668,0.8609
20,668,0.8714
30,668,0.8894
40,668,0.9104
45,668,0.9201
50,668,0.9323
60,668,0.9296
70,668,0.8421
0,670,0.8619
10,670,0.8611
20,670,0.8715
30,670,0.8894
40,670,0.9105
45,670,0.9203
50,670,0.9326
60,670,0.93
70,670,0.8427
0,672,0.8619
10,672,0.861
20,672,0.8715
30,672,0.8895
40,672,0.9105
45,672,0.9205
50,672,0.9327
60,672,0.9306
70,672,0.8432
0,674,0.8619
10,674,0.8608
20,674,0.8713
30,674,0.8898
40,674,0.9108
45,674,0.921
50,674,0.933
60,674,0.9307
70,674,0.8436
0,676,0.8619
10,676,0.8607
20,676,0.8714
30,676,0.89
40,676,0.911
45,676,0.9212
50,676,0.9334
60,676,0.9311
70,676,0.8442
0,678,0.8619
10,678,0.8609
20,678,0.8717
30,678,0.8901
40,678,0.9112
45,678,0.9213
50,678,0.9336
60,678,0.9317
70,678,0.8446
0,680,0.8621
10,680,0.8609
20,680,0.8718
30,680,0.8902
40,680,0.9113
45,680,0.9216
50,680,0.9341
60,680,0.9321
70,680,0.845
0,682,0.8622
10,682,0.8609
20,682,0.8717
30,682,0.8901
40,682,0.9115
45,682,0.922
50,682,0.9345
60,682,0.9326
70,682,0.8458
0,684,0.8622
10,684,0.8611
20,684,0.8716
30,684,0.89
40,684,0.9118
45,684,0.9222
50,684,0.9346
60,684,0.9329
70,684,0.8462
0,686,0.8622
10,686,0.8613
20,686,0.8717
30,686,0.8902
40,686,0.912
45,686,0.9224
50,686,0.9347
60,686,0.9333
70,686,0.8466
0,688,0.8623
10,688,0.8614
20,688,0.8719
30,688,0.8904
40,688,0.9123
45,688,0.9228
50,688,0.935
60,688,0.9339
70,688,0.847
0,690,0.8624
10,690,0.8616
20,690,0.872
30,690,0.8908
40,690,0.9126
45,690,0.9232
50,690,0.9355
60,690,0.9345
70,690,0.8478
0,692,0.8626
10,692,0.8615
20,692,0.8721
30,692,0.891
40,692,0.9128
45,692,0.9236
50,692,0.9358
60,692,0.935
70,692,0.8488
0,694,0.8625
10,694,0.8614
20,694,0.8722
30,694,0.8913
40,694,0.9132
45,694,0.9239
50,694,0.9363
60,694,0.9355
70,694,0.8494
0,696,0.8624
10,696,0.8616
20,696,0.8726
30,696,0.8915
40,696,0.9136
45,696,0.924
50,696,0.9364
60,696,0.9359
70,696,0.85
0,698,0.8624
10,698,0.8616
20,698,0.8727
30,698,0.8917
40,698,0.9137
45,698,0.9243
50,698,0.9368
60,698,0.9364
70,698,0.8507
0,700,0.8625
10,700,0.8617
20,700,0.8726
30,700,0.8919
40,700,0.9139
45,700,0.9245
50,700,0.9371
60,700,0.9368
70,700,0.8512
0,702,0.8624
10,702,0.862
20,702,0.8726
30,702,0.8917
40,702,0.9142
45,702,0.9246
50,702,0.9375
60,702,0.9374
70,702,0.8514
0,704,0.8626
10,704,0.8619
20,704,0.8726
30,704,0.8918
40,704,0.9143
45,704,0.9252
50,704,0.938
60,704,0.9378
70,704,0.8519
0,706,0.8628
10,706,0.8619
20,706,0.8729
30,706,0.8922
40,706,0.9144
45,706,0.9258
50,706,0.9384
60,706,0.938
70,706,0.8527
0,708,0.8627
10,708,0.862
20,708,0.8728
30,708,0.8925
40,708,0.9148
45,708,0.9258
50,708,0.9384
60,708,0.9385
70,708,0.8532
0,710,0.8626
10,710,0.8619
20,710,0.8728
30,710,0.8922
40,710,0.915
45,710,0.9261
50,710,0.9388
60,710,0.9392
70,710,0.8538
0,712,0.8629
10,712,0.8621
20,712,0.8731
30,712,0.8922
40,712,0.915
45,712,0.9263
50,712,0.9393
60,712,0.9393
70,712,0.8543
0,714,0.8628
10,714,0.8621
20,714,0.8734
30,714,0.8925
40,714,0.9154
45,714,0.9266
50,714,0.9395
60,714,0.9397
70,714,0.8548
0,716,0.8627
10,716,0.8622
20,716,0.8733
30,716,0.8928
40,716,0.9155
45,716,0.9268
50,716,0.9397
60,716,0.9403
70,716,0.8556
0,718,0.8629
10,718,0.8622
20,718,0.8734
30,718,0.8932
40,718,0.9159
45,718,0.9272
50,718,0.9399
60,718,0.9409
70,718,0.8561
0,720,0.8628
10,720,0.8623
20,720,0.8736
30,720,0.8933
40,720,0.9161
45,720,0.9276
50,720,0.9403
60,720,0.9414
70,720,0.8564
0,722,0.863
10,722,0.8624
20,722,0.8736
30,722,0.8934
40,722,0.9162
45,722,0.9278
50,722,0.9406
60,722,0.9419
70,722,0.8569
0,724,0.8628
10,724,0.8624
20,724,0.8735
30,724,0.8933
40,724,0.9161
45,724,0.9279
50,724,0.941
60,724,0.9422
70,724,0.8576
0,726,0.863
10,726,0.8625
20,726,0.8736
30,726,0.8934
40,726,0.9163
45,726,0.9283
50,726,0.9412
60,726,0.9428
70,726,0.858
0,728,0.8631
10,728,0.8626
20,728,0.8737
30,728,0.8937
40,728,0.9167
45,728,0.9285
50,728,0.9412
60,728,0.9436
70,728,0.8586
0,730,0.8627
10,730,0.8625
20,730,0.8735
30,730,0.8938
40,730,0.9167
45,730,0.929
50,730,0.9419
60,730,0.9437
70,730,0.8591
0,732,0.8629
10,732,0.8625
20,732,0.8736
30,732,0.8941
40,732,0.917
45,732,0.9292
50,732,0.9421
60,732,0.9442
70,732,0.8596
0,734,0.863
10,734,0.8623
20,734,0.8739
30,734,0.8942
40,734,0.9171
45,734,0.9292
50,734,0.9423
60,734,0.9447
70,734,0.86
0,736,0.8629
10,736,0.8626
20,736,0.874
30,736,0.8941
40,736,0.9177
45,736,0.9295
50,736,0.9427
60,736,0.945
70,736,0.8605
0,738,0.8631
10,738,0.8628
20,738,0.874
30,738,0.8941
40,738,0.918
45,738,0.9298
50,738,0.9429
60,738,0.9454
70,738,0.861
0,740,0.8629
10,740,0.8628
20,740,0.8739
30,740,0.8942
40,740,0.9182
45,740,0.9299
50,740,0.9434
60,740,0.9458
70,740,0.8618
0,742,0.8628
10,742,0.8625
20,742,0.8742
30,742,0.8943
40,742,0.9183
45,742,0.9305
50,742,0.9437
60,742,0.9464
70,742,0.8624
0,744,0.8631
10,744,0.8627
20,744,0.8744
30,744,0.8948
40,744,0.9184
45,744,0.9307
50,744,0.9441
60,744,0.9465
70,744,0.8627
0,746,0.8631
10,746,0.8629
20,746,0.8743
30,746,0.895
40,746,0.9189
45,746,0.9309
50,746,0.9445
60,746,0.9469
70,746,0.863
0,748,0.8629
10,748,0.863
20,748,0.8743
30,748,0.8949
40,748,0.919
45,748,0.9313
50,748,0.9446
60,748,0.9474
70,748,0.8637
0,750,0.8629
10,750,0.863
20,750,0.8744
30,750,0.8952
40,750,0.9191
45,750,0.9316
50,750,0.945
60,750,0.9481
70,750,0.8641
0,752,0.8631
10,752,0.863
20,752,0.8747
30,752,0.8953
40,752,0.9194
45,752,0.9319
50,752,0.9453
60,752,0.9489
70,752,0.8644
0,754,0.8629
10,754,0.8629
20,754,0.8744
30,754,0.8954
40,754,0.9191
45,754,0.9319
50,754,0.9456
60,754,0.9491
70,754,0.8651
0,756,0.8631
10,756,0.8626
20,756,0.8747
30,756,0.8953
40,756,0.9196
45,756,0.9322
50,756,0.9458
60,756,0.9494
70,756,0.8655
0,758,0.8633
10,758,0.863
20,758,0.8747
30,758,0.8955
40,758,0.92
45,758,0.9324
50,758,0.9463
60,758,0.9502
70,758,0.866
0,760,0.863
10,760,0.8632
20,760,0.8745
30,760,0.8953
40,760,0.92
45,760,0.9328
50,760,0.9464
60,760,0.9504
70,760,0.8664
0,762,0.8629
10,762,0.8633
20,762,0.8749
30,762,0.8955
40,762,0.9201
45,762,0.9331
50,762,0.9469
60,762,0.9506
70,762,0.8668
0,764,0.8632
10,764,0.8632
20,764,0.8746
30,764,0.8958
40,764,0.9201
45,764,0.933
50,764,0.9471
60,764,0.9509
70,764,0.8672
0,766,0.8635
10,766,0.8629
20,766,0.875
30,766,0.8959
40,766,0.9204
45,766,0.9334
50,766,0.9474
60,766,0.9514
70,766,0.8676
0,768,0.8637
10,768,0.8633
20,768,0.875
30,768,0.8961
40,768,0.9205
45,768,0.9339
50,768,0.9477
60,768,0.952
70,768,0.8682
0,770,0.8633
10,770,0.8631
20,770,0.8749
30,770,0.8961
40,770,0.9205
45,770,0.9343
50,770,0.9478
60,770,0.9523
70,770,0.8685
0,772,0.8631
10,772,0.8631
20,772,0.8753
30,772,0.8962
40,772,0.9208
45,772,0.9342
50,772,0.9481
60,772,0.9527
70,772,0.869
0,774,0.8631
10,774,0.8634
20,774,0.8751
30,774,0.8963
40,774,0.9213
45,774,0.9345
50,774,0.9483
60,774,0.9531
70,774,0.8695
0,776,0.8633
10,776,0.8637
20,776,0.8751
30,776,0.8967
40,776,0.9216
45,776,0.9342
50,776,0.9487
60,776,0.9535
70,776,0.8697
0,778,0.8631
10,778,0.8634
20,778,0.8755
30,778,0.8964
40,778,0.9215
45,778,0.9346
50,778,0.949
60,778,0.9543
70,778,0.8705
0,780,0.8634
10,780,0.8634
20,780,0.8752
30,780,0.8968
40,780,0.9214
45,780,0.9351
50,780,0.9492
60,780,0.9546
70,780,0.8709
0,782,0.8635
10,782,0.8638
20,782,0.8754
30,782,0.8969
40,782,0.9219
45,782,0.9349
50,782,0.9496
60,782,0.9549
70,782,0.8713
0,784,0.8632
10,784,0.8638
20,784,0.8754
30,784,0.8968
40,784,0.9222
45,784,0.9351
50,784,0.9498
60,784,0.9549
70,784,0.8716
0,786,0.8632
10,786,0.8635
20,786,0.8755
30,786,0.8971
40,786,0.922
45,786,0.9355
50,786,0.9501
60,786,0.9554
70,786,0.872
0,788,0.8637
10,788,0.8639
20,788,0.8754
30,788,0.8974
40,788,0.9223
45,788,0.9358
50,788,0.9502
60,788,0.956
70,788,0.8727
0,790,0.8633
10,790,0.8635
20,790,0.8755
30,790,0.8973
40,790,0.9223
45,790,0.936
50,790,0.9503
60,790,0.9566
70,790,0.8731
0,792,0.8635
10,792,0.8634
20,792,0.8759
30,792,0.897
40,792,0.9226
45,792,0.9365
50,792,0.9509
60,792,0.957
70,792,0.8739
0,794,0.8631
10,794,0.8636
20,794,0.8754
30,794,0.8973
40,794,0.923
45,794,0.9366
50,794,0.9511
60,794,0.9574
70,794,0.8739
0,796,0.8631
10,796,0.8639
20,796,0.8758
30,796,0.8974
40,796,0.9229
45,796,0.9368
50,796,0.9511
60,796,0.9578
70,796,0.8743
0,798,0.8636
10,798,0.8639
20,798,0.8757
30,798,0.8976
40,798,0.923
45,798,0.9369
50,798,0.9511
60,798,0.9579
70,798,0.8748
0,800,0.8635
10,800,0.8637
20,800,0.8755
30,800,0.8977
40,800,0.9232
45,800,0.9371
50,800,0.952
60,800,0.9587
70,800,0.8751
0,802,0.8632
10,802,0.8637
20,802,0.8759
30,802,0.8979
40,802,0.9237
45,802,0.9376
50,802,0.9522
60,802,0.9592
70,802,0.8754
0,804,0.8633
10,804,0.8638
20,804,0.876
30,804,0.8984
40,804,0.9239
45,804,0.9379
50,804,0.952
60,804,0.959
70,804,0.8763
0,806,0.8638
10,806,0.8639
20,806,0.8761
30,806,0.8981
40,806,0.9241
45,806,0.9379
50,806,0.9521
60,806,0.9595
70,806,0.8769
0,808,0.8635
10,808,0.8637
20,808,0.8763
30,808,0.8984
40,808,0.924
45,808,0.938
50,808,0.9532
60,808,0.9596
70,808,0.8771
0,810,0.8631
10,810,0.863
20,810,0.8756
30,810,0.898
40,810,0.9237
45,810,0.9382
50,810,0.9532
60,810,0.9604
70,810,0.8768
0,812,0.8631
10,812,0.8631
20,812,0.8751
30,812,0.8977
40,812,0.9236
45,812,0.9383
50,812,0.9535
60,812,0.9607
70,812,0.878
0,814,0.863
10,814,0.8627
20,814,0.8754
30,814,0.8977
40,814,0.9237
45,814,0.9379
50,814,0.9536
60,814,0.961
70,814,0.879
0,816,0.8626
10,816,0.863
20,816,0.8752
30,816,0.8978
40,816,0.924
45,816,0.9388
50,816,0.9541
60,816,0.9616
70,816,0.8795
0,818,0.863
10,818,0.8633
20,818,0.8749
30,818,0.8983
40,818,0.9245
45,818,0.9388
50,818,0.9546
60,818,0.9625
70,818,0.8802
0,820,0.8632
10,820,0.863
20,820,0.8754
30,820,0.8983
40,820,0.9243
45,820,0.9395
50,820,0.9545
60,820,0.9623
70,820,0.8807
0,822,0.8627
10,822,0.8633
20,822,0.8756
30,822,0.8984
40,822,0.9242
45,822,0.9394
50,822,0.9555
60,822,0.9627
70,822,0.881
0,824,0.8627
10,824,0.8636
20,824,0.876
30,824,0.8981
40,824,0.9247
45,824,0.9395
50,824,0.9554
60,824,0.9631
70,824,0.8817
0,826,0.8627
10,826,0.8634
20,826,0.8757
30,826,0.8989
40,826,0.9252
45,826,0.94
50,826,0.9561
60,826,0.964
70,826,0.8822
0,828,0.8629
10,828,0.8635
20,828,0.8757
30,828,0.899
40,828,0.9255
45,828,0.9403
50,828,0.9567
60,828,0.9649
70,828,0.8834
0,830,0.8637
10,830,0.8634
20,830,0.8759
30,830,0.8985
40,830,0.9255
45,830,0.9398
50,830,0.9566
60,830,0.9653
70,830,0.8837
0,832,0.8635
10,832,0.8637
20,832,0.8759
30,832,0.8991
40,832,0.9259
45,832,0.9408
50,832,0.9572
60,832,0.9663
70,832,0.8846
0,834,0.8633
10,834,0.8636
20,834,0.876
30,834,0.8991
40,834,0.9265
45,834,0.9413
50,834,0.9577
60,834,0.9663
70,834,0.8854
0,836,0.8634
10,836,0.8639
20,836,0.8762
30,836,0.8992
40,836,0.9274
45,836,0.9413
50,836,0.9584
60,836,0.9669
70,836,0.8864
0,838,0.8635
10,838,0.8633
20,838,0.8762
30,838,0.9006
40,838,0.9276
45,838,0.9416
50,838,0.9577
60,838,0.9672
70,838,0.8865
0,840,0.8637
10,840,0.8635
20,840,0.8761
30,840,0.9003
40,840,0.9278
45,840,0.9424
50,840,0.9592
60,840,0.9681
70,840,0.8878
0,842,0.8639
10,842,0.8637
20,842,0.8766
30,842,0.8996
40,842,0.9274
45,842,0.9431
50,842,0.9599
60,842,0.9692
70,842,0.8877
0,844,0.863
10,844,0.8641
20,844,0.8767
30,844,0.9014
40,844,0.9283
45,844,0.9425
50,844,0.9608
60,844,0.9705
70,844,0.8897
0,846,0.8635
10,846,0.8635
20,846,0.8773
30,846,0.9015
40,846,0.929
45,846,0.9428
50,846,0.9617
60,846,0.9706
70,846,0.8898
0,848,0.8639
10,848,0.8647
20,848,0.8771
30,848,0.9005
40,848,0.9289
45,848,0.9431
50,848,0.9608
60,848,0.9711
70,848,0.891
0,850,0.8634
10,850,0.8633
20,850,0.8769
30,850,0.9004
40,850,0.9291
45,850,0.9454
50,850,0.9613
60,850,0.9722
70,850,0.8923
0,852,0.8646
10,852,0.8635
20,852,0.8771
30,852,0.9009
40,852,0.9303
45,852,0.9442
50,852,0.9611
60,852,0.972
70,852,0.8925
0,854,0.8629
10,854,0.8645
20,854,0.8765
30,854,0.8991
40,854,0.9292
45,854,0.946
50,854,0.9629
60,854,0.9729
70,854,0.8928
0,856,0.8622
10,856,0.8634
20,856,0.8766
30,856,0.901
40,856,0.9295
45,856,0.9444
50,856,0.9638
60,856,0.9724
70,856,0.8924
0,858,0.8642
10,858,0.8626
20,858,0.878
30,858,0.9016
40,858,0.9302
45,858,0.9447
50,858,0.963
60,858,0.9728
70,858,0.8936
0,860,0.8663
10,860,0.8618
20,860,0.8767
30,860,0.902
40,860,0.9316
45,860,0.9436
50,860,0.9619
60,860,0.9737
70,860,0.8944
0,862,0.864
10,862,0.8638
20,862,0.8794
30,862,0.8994
40,862,0.9313
45,862,0.9449
50,862,0.9644
60,862,0.9749
70,862,0.8958
0,864,0.8649
10,864,0.8657
20,864,0.8767
30,864,0.8999
40,864,0.9295
45,864,0.945
50,864,0.9624
60,864,0.975
70,864,0.8963
0,866,0.8635
10,866,0.8621
20,866,0.8776
30,866,0.8994
40,866,0.9316
45,866,0.9464
50,866,0.9633
60,866,0.9759
70,866,0.894
0,868,0.8632
10,868,0.8626
20,868,0.8773
30,868,0.9023
40,868,0.928
45,868,0.9434
50,868,0.9647
60,868,0.9721
70,868,0.8974
0,870,0.8629
10,870,0.86
20,870,0.8778
30,870,0.9039
40,870,0.9299
45,870,0.9472
50,870,0.9628
60,870,0.9752
70,870,0.8972
0,872,0.8642
10,872,0.8594
20,872,0.8778
30,872,0.8992
40,872,0.9317
45,872,0.9465
50,872,0.9649
60,872,0.9743
70,872,0.8988
0,874,0.8618
10,874,0.8637
20,874,0.8801
30,874,0.9031
40,874,0.9276
45,874,0.9452
50,874,0.97
60,874,0.9743
70,874,0.899
0,876,0.8631
10,876,0.8589
20,876,0.8767
30,876,0.9034
40,876,0.9319
45,876,0.9468
50,876,0.9622
60,876,0.9778
70,876,0.8967
0,878,0.8648
10,878,0.8641
20,878,0.8769
30,878,0.9021
40,878,0.9328
45,878,0.9469
50,878,0.964
60,878,0.9743
70,878,0.8985
0,880,0.8654
10,880,0.8652
20,880,0.8768
30,880,0.9025
40,880,0.9329
45,880,0.946
50,880,0.9682
60,880,0.975
70,880,0.9013
0,882,0.864
10,882,0.8621
20,882,0.8751
30,882,0.9012
40,882,0.9274
45,882,0.9469
50,882,0.9626
60,882,0.9802
70,882,0.8969
0,884,0.8626
10,884,0.8618
20,884,0.8759
30,884,0.9017
40,884,0.9313
45,884,0.9419
50,884,0.9682
60,884,0.9782
70,884,0.8981
0,886,0.8607
10,886,0.8674
20,886,0.8805
30,886,0.9005
40,886,0.9305
45,886,0.9458
50,886,0.9659
60,886,0.9743
70,886,0.8989
0,888,0.866
10,888,0.8645
20,888,0.8763
30,888,0.8994
40,888,0.9291
45,888,0.9427
50,888,0.9723
60,888,0.9773
70,888,0.9017
0,890,0.8632
10,890,0.8654
20,890,0.8826
30,890,0.8985
40,890,0.9309
45,890,0.943
50,890,0.9672
60,890,0.9753
70,890,0.8985
0,892,0.8661
10,892,0.8607
20,892,0.8845
30,892,0.9026
40,892,0.9325
45,892,0.9502
50,892,0.9722
60,892,0.973
70,892,0.8977
0,894,0.8555
10,894,0.8649
20,894,0.8763
30,894,0.9042
40,894,0.9341
45,894,0.9453
50,894,0.9676
60,894,0.979
70,894,0.8955
0,896,0.8616
10,896,0.87
20,896,0.8782
30,896,0.9059
40,896,0.9314
45,896,0.9423
50,896,0.966
60,896,0.9773
70,896,0.9
0,898,0.8629
10,898,0.8628
20,898,0.8795
30,898,0.8943
40,898,0.935
45,898,0.9439
50,898,0.9712
60,898,0.9805
70,898,0.8983
0,900,0.859
10,900,0.8684
20,900,0.8707
30,900,0.9078
40,900,0.9352
45,900,0.9465
50,900,0.9722
60,900,0.9772
70,900,0.8963
